2021-08-01 04:02:58,638:INFO:Initializing load_model()
2021-08-01 04:02:58,639:INFO:load_model(model_name=autism-Adolescent-2021-7-28, platform=None, authentication=None, verbose=True)
2021-08-01 04:02:58,841:INFO:Initializing load_model()
2021-08-01 04:02:58,842:INFO:load_model(model_name=autism-Adolescent-2021-7-28, platform=None, authentication=None, verbose=True)
2021-08-01 04:03:08,437:INFO:Initializing load_model()
2021-08-01 04:03:08,438:INFO:load_model(model_name=autism-Adolescent-2021-7-28, platform=None, authentication=None, verbose=True)
2021-08-01 04:03:45,680:INFO:Initializing load_model()
2021-08-01 04:03:45,681:INFO:load_model(model_name=autism-Adolescent-2021-7-28, platform=None, authentication=None, verbose=True)
2021-08-01 04:04:42,634:INFO:Initializing load_model()
2021-08-01 04:04:42,635:INFO:load_model(model_name=autism-Adolescent-2021-7-28, platform=None, authentication=None, verbose=True)
2021-08-01 04:04:42,713:INFO:Initializing predict_model()
2021-08-01 04:04:42,714:INFO:predict_model(estimator=Pipeline(steps=[('dtypes',
                 DataTypes_Auto_infer(ml_usecase='classification',
                                      target='Class/ASD')),
                ('imputer',
                 Simple_Imputer(categorical_strategy='not_available',
                                fill_value_categorical=None,
                                fill_value_numerical=None,
                                numeric_strategy='mean',
                                target_variable=None)),
                ('new_levels1',
                 New_Catagorical_Levels_in_TestData(replacement_strategy='least '
                                                                         'frequent',
                                                    t...
                ('binn', 'passthrough'), ('rem_outliers', 'passthrough'),
                ('cluster_all', 'passthrough'),
                ('dummy', Dummify(target='Class/ASD')),
                ('fix_perfect', 'passthrough'),
                ('clean_names', Clean_Colum_Names()),
                ('feature_select', 'passthrough'), ('fix_multi', 'passthrough'),
                ('dfs', 'passthrough'), ('pca', 'passthrough'),
                ['trained_model', AdaBoostClassifier(random_state=2411)]]), probability_threshold=None, encoded_labels=False, raw_score=False, round=4, verbose=True, ml_usecase=MLUsecase.CLASSIFICATION, display=None)
2021-08-01 04:04:42,715:INFO:Checking exceptions
2021-08-01 04:04:42,715:INFO:Preloading libraries
2021-08-01 04:05:40,157:INFO:Initializing load_model()
2021-08-01 04:05:40,157:INFO:load_model(model_name=autism-Adolescent-2021-7-28, platform=None, authentication=None, verbose=True)
2021-08-01 04:05:40,223:INFO:Initializing predict_model()
2021-08-01 04:05:40,224:INFO:predict_model(estimator=Pipeline(steps=[('dtypes',
                 DataTypes_Auto_infer(ml_usecase='classification',
                                      target='Class/ASD')),
                ('imputer',
                 Simple_Imputer(categorical_strategy='not_available',
                                fill_value_categorical=None,
                                fill_value_numerical=None,
                                numeric_strategy='mean',
                                target_variable=None)),
                ('new_levels1',
                 New_Catagorical_Levels_in_TestData(replacement_strategy='least '
                                                                         'frequent',
                                                    t...
                ('binn', 'passthrough'), ('rem_outliers', 'passthrough'),
                ('cluster_all', 'passthrough'),
                ('dummy', Dummify(target='Class/ASD')),
                ('fix_perfect', 'passthrough'),
                ('clean_names', Clean_Colum_Names()),
                ('feature_select', 'passthrough'), ('fix_multi', 'passthrough'),
                ('dfs', 'passthrough'), ('pca', 'passthrough'),
                ['trained_model', AdaBoostClassifier(random_state=2411)]]), probability_threshold=None, encoded_labels=False, raw_score=False, round=4, verbose=True, ml_usecase=MLUsecase.CLASSIFICATION, display=None)
2021-08-01 04:05:40,226:INFO:Checking exceptions
2021-08-01 04:05:40,227:INFO:Preloading libraries
2021-08-01 04:05:42,156:INFO:Initializing load_model()
2021-08-01 04:05:42,156:INFO:load_model(model_name=autism-Adolescent-2021-7-28, platform=None, authentication=None, verbose=True)
2021-08-01 04:05:42,207:INFO:Initializing predict_model()
2021-08-01 04:05:42,212:INFO:predict_model(estimator=Pipeline(steps=[('dtypes',
                 DataTypes_Auto_infer(ml_usecase='classification',
                                      target='Class/ASD')),
                ('imputer',
                 Simple_Imputer(categorical_strategy='not_available',
                                fill_value_categorical=None,
                                fill_value_numerical=None,
                                numeric_strategy='mean',
                                target_variable=None)),
                ('new_levels1',
                 New_Catagorical_Levels_in_TestData(replacement_strategy='least '
                                                                         'frequent',
                                                    t...
                ('binn', 'passthrough'), ('rem_outliers', 'passthrough'),
                ('cluster_all', 'passthrough'),
                ('dummy', Dummify(target='Class/ASD')),
                ('fix_perfect', 'passthrough'),
                ('clean_names', Clean_Colum_Names()),
                ('feature_select', 'passthrough'), ('fix_multi', 'passthrough'),
                ('dfs', 'passthrough'), ('pca', 'passthrough'),
                ['trained_model', AdaBoostClassifier(random_state=2411)]]), probability_threshold=None, encoded_labels=False, raw_score=False, round=4, verbose=True, ml_usecase=MLUsecase.CLASSIFICATION, display=None)
2021-08-01 04:05:42,214:INFO:Checking exceptions
2021-08-01 04:05:42,215:INFO:Preloading libraries
2021-08-01 04:05:44,290:INFO:Initializing load_model()
2021-08-01 04:05:44,290:INFO:load_model(model_name=autism-Adolescent-2021-7-28, platform=None, authentication=None, verbose=True)
2021-08-01 04:05:44,356:INFO:Initializing predict_model()
2021-08-01 04:05:44,371:INFO:predict_model(estimator=Pipeline(steps=[('dtypes',
                 DataTypes_Auto_infer(ml_usecase='classification',
                                      target='Class/ASD')),
                ('imputer',
                 Simple_Imputer(categorical_strategy='not_available',
                                fill_value_categorical=None,
                                fill_value_numerical=None,
                                numeric_strategy='mean',
                                target_variable=None)),
                ('new_levels1',
                 New_Catagorical_Levels_in_TestData(replacement_strategy='least '
                                                                         'frequent',
                                                    t...
                ('binn', 'passthrough'), ('rem_outliers', 'passthrough'),
                ('cluster_all', 'passthrough'),
                ('dummy', Dummify(target='Class/ASD')),
                ('fix_perfect', 'passthrough'),
                ('clean_names', Clean_Colum_Names()),
                ('feature_select', 'passthrough'), ('fix_multi', 'passthrough'),
                ('dfs', 'passthrough'), ('pca', 'passthrough'),
                ['trained_model', AdaBoostClassifier(random_state=2411)]]), probability_threshold=None, encoded_labels=False, raw_score=False, round=4, verbose=True, ml_usecase=MLUsecase.CLASSIFICATION, display=None)
2021-08-01 04:05:44,372:INFO:Checking exceptions
2021-08-01 04:05:44,373:INFO:Preloading libraries
2021-08-01 04:05:49,693:INFO:Initializing load_model()
2021-08-01 04:05:49,694:INFO:load_model(model_name=autism-Adolescent-2021-7-28, platform=None, authentication=None, verbose=True)
2021-08-01 04:05:49,780:INFO:Initializing predict_model()
2021-08-01 04:05:49,782:INFO:predict_model(estimator=Pipeline(steps=[('dtypes',
                 DataTypes_Auto_infer(ml_usecase='classification',
                                      target='Class/ASD')),
                ('imputer',
                 Simple_Imputer(categorical_strategy='not_available',
                                fill_value_categorical=None,
                                fill_value_numerical=None,
                                numeric_strategy='mean',
                                target_variable=None)),
                ('new_levels1',
                 New_Catagorical_Levels_in_TestData(replacement_strategy='least '
                                                                         'frequent',
                                                    t...
                ('binn', 'passthrough'), ('rem_outliers', 'passthrough'),
                ('cluster_all', 'passthrough'),
                ('dummy', Dummify(target='Class/ASD')),
                ('fix_perfect', 'passthrough'),
                ('clean_names', Clean_Colum_Names()),
                ('feature_select', 'passthrough'), ('fix_multi', 'passthrough'),
                ('dfs', 'passthrough'), ('pca', 'passthrough'),
                ['trained_model', AdaBoostClassifier(random_state=2411)]]), probability_threshold=None, encoded_labels=False, raw_score=False, round=4, verbose=True, ml_usecase=MLUsecase.CLASSIFICATION, display=None)
2021-08-01 04:05:49,786:INFO:Checking exceptions
2021-08-01 04:05:49,787:INFO:Preloading libraries
2021-08-01 04:05:53,027:INFO:Initializing load_model()
2021-08-01 04:05:53,029:INFO:load_model(model_name=autism-Adolescent-2021-7-28, platform=None, authentication=None, verbose=True)
2021-08-01 04:05:53,090:INFO:Initializing predict_model()
2021-08-01 04:05:53,093:INFO:predict_model(estimator=Pipeline(steps=[('dtypes',
                 DataTypes_Auto_infer(ml_usecase='classification',
                                      target='Class/ASD')),
                ('imputer',
                 Simple_Imputer(categorical_strategy='not_available',
                                fill_value_categorical=None,
                                fill_value_numerical=None,
                                numeric_strategy='mean',
                                target_variable=None)),
                ('new_levels1',
                 New_Catagorical_Levels_in_TestData(replacement_strategy='least '
                                                                         'frequent',
                                                    t...
                ('binn', 'passthrough'), ('rem_outliers', 'passthrough'),
                ('cluster_all', 'passthrough'),
                ('dummy', Dummify(target='Class/ASD')),
                ('fix_perfect', 'passthrough'),
                ('clean_names', Clean_Colum_Names()),
                ('feature_select', 'passthrough'), ('fix_multi', 'passthrough'),
                ('dfs', 'passthrough'), ('pca', 'passthrough'),
                ['trained_model', AdaBoostClassifier(random_state=2411)]]), probability_threshold=None, encoded_labels=False, raw_score=False, round=4, verbose=True, ml_usecase=MLUsecase.CLASSIFICATION, display=None)
2021-08-01 04:05:53,094:INFO:Checking exceptions
2021-08-01 04:05:53,095:INFO:Preloading libraries
2021-08-01 04:06:06,437:INFO:Initializing load_model()
2021-08-01 04:06:06,439:INFO:load_model(model_name=autism-Adolescent-2021-7-28, platform=None, authentication=None, verbose=True)
2021-08-01 04:06:06,509:INFO:Initializing predict_model()
2021-08-01 04:06:06,510:INFO:predict_model(estimator=Pipeline(steps=[('dtypes',
                 DataTypes_Auto_infer(ml_usecase='classification',
                                      target='Class/ASD')),
                ('imputer',
                 Simple_Imputer(categorical_strategy='not_available',
                                fill_value_categorical=None,
                                fill_value_numerical=None,
                                numeric_strategy='mean',
                                target_variable=None)),
                ('new_levels1',
                 New_Catagorical_Levels_in_TestData(replacement_strategy='least '
                                                                         'frequent',
                                                    t...
                ('binn', 'passthrough'), ('rem_outliers', 'passthrough'),
                ('cluster_all', 'passthrough'),
                ('dummy', Dummify(target='Class/ASD')),
                ('fix_perfect', 'passthrough'),
                ('clean_names', Clean_Colum_Names()),
                ('feature_select', 'passthrough'), ('fix_multi', 'passthrough'),
                ('dfs', 'passthrough'), ('pca', 'passthrough'),
                ['trained_model', AdaBoostClassifier(random_state=2411)]]), probability_threshold=None, encoded_labels=False, raw_score=False, round=4, verbose=True, ml_usecase=MLUsecase.CLASSIFICATION, display=None)
2021-08-01 04:06:06,512:INFO:Checking exceptions
2021-08-01 04:06:06,513:INFO:Preloading libraries
2021-08-01 04:06:06,850:INFO:Initializing predict_model()
2021-08-01 04:06:06,851:INFO:predict_model(estimator=Pipeline(steps=[('dtypes',
                 DataTypes_Auto_infer(ml_usecase='classification',
                                      target='Class/ASD')),
                ('imputer',
                 Simple_Imputer(categorical_strategy='not_available',
                                fill_value_categorical=None,
                                fill_value_numerical=None,
                                numeric_strategy='mean',
                                target_variable=None)),
                ('new_levels1',
                 New_Catagorical_Levels_in_TestData(replacement_strategy='least '
                                                                         'frequent',
                                                    t...
                ('binn', 'passthrough'), ('rem_outliers', 'passthrough'),
                ('cluster_all', 'passthrough'),
                ('dummy', Dummify(target='Class/ASD')),
                ('fix_perfect', 'passthrough'),
                ('clean_names', Clean_Colum_Names()),
                ('feature_select', 'passthrough'), ('fix_multi', 'passthrough'),
                ('dfs', 'passthrough'), ('pca', 'passthrough'),
                ['trained_model', AdaBoostClassifier(random_state=2411)]]), probability_threshold=None, encoded_labels=False, raw_score=False, round=4, verbose=True, ml_usecase=MLUsecase.CLASSIFICATION, display=None)
2021-08-01 04:06:06,852:INFO:Checking exceptions
2021-08-01 04:06:06,852:INFO:Preloading libraries
2021-08-01 04:06:15,734:INFO:Initializing load_model()
2021-08-01 04:06:15,735:INFO:load_model(model_name=autism-Adolescent-2021-7-28, platform=None, authentication=None, verbose=True)
2021-08-01 04:06:15,794:INFO:Initializing predict_model()
2021-08-01 04:06:15,800:INFO:predict_model(estimator=Pipeline(steps=[('dtypes',
                 DataTypes_Auto_infer(ml_usecase='classification',
                                      target='Class/ASD')),
                ('imputer',
                 Simple_Imputer(categorical_strategy='not_available',
                                fill_value_categorical=None,
                                fill_value_numerical=None,
                                numeric_strategy='mean',
                                target_variable=None)),
                ('new_levels1',
                 New_Catagorical_Levels_in_TestData(replacement_strategy='least '
                                                                         'frequent',
                                                    t...
                ('binn', 'passthrough'), ('rem_outliers', 'passthrough'),
                ('cluster_all', 'passthrough'),
                ('dummy', Dummify(target='Class/ASD')),
                ('fix_perfect', 'passthrough'),
                ('clean_names', Clean_Colum_Names()),
                ('feature_select', 'passthrough'), ('fix_multi', 'passthrough'),
                ('dfs', 'passthrough'), ('pca', 'passthrough'),
                ['trained_model', AdaBoostClassifier(random_state=2411)]]), probability_threshold=None, encoded_labels=False, raw_score=False, round=4, verbose=True, ml_usecase=MLUsecase.CLASSIFICATION, display=None)
2021-08-01 04:06:15,801:INFO:Checking exceptions
2021-08-01 04:06:15,803:INFO:Preloading libraries
2021-08-01 04:06:16,165:INFO:Initializing predict_model()
2021-08-01 04:06:16,165:INFO:predict_model(estimator=Pipeline(steps=[('dtypes',
                 DataTypes_Auto_infer(ml_usecase='classification',
                                      target='Class/ASD')),
                ('imputer',
                 Simple_Imputer(categorical_strategy='not_available',
                                fill_value_categorical=None,
                                fill_value_numerical=None,
                                numeric_strategy='mean',
                                target_variable=None)),
                ('new_levels1',
                 New_Catagorical_Levels_in_TestData(replacement_strategy='least '
                                                                         'frequent',
                                                    t...
                ('binn', 'passthrough'), ('rem_outliers', 'passthrough'),
                ('cluster_all', 'passthrough'),
                ('dummy', Dummify(target='Class/ASD')),
                ('fix_perfect', 'passthrough'),
                ('clean_names', Clean_Colum_Names()),
                ('feature_select', 'passthrough'), ('fix_multi', 'passthrough'),
                ('dfs', 'passthrough'), ('pca', 'passthrough'),
                ['trained_model', AdaBoostClassifier(random_state=2411)]]), probability_threshold=None, encoded_labels=False, raw_score=False, round=4, verbose=True, ml_usecase=MLUsecase.CLASSIFICATION, display=None)
2021-08-01 04:06:16,166:INFO:Checking exceptions
2021-08-01 04:06:16,166:INFO:Preloading libraries
2021-08-01 04:06:22,736:INFO:Initializing load_model()
2021-08-01 04:06:22,737:INFO:load_model(model_name=autism-Adolescent-2021-7-28, platform=None, authentication=None, verbose=True)
2021-08-01 04:06:22,791:INFO:Initializing predict_model()
2021-08-01 04:06:22,793:INFO:predict_model(estimator=Pipeline(steps=[('dtypes',
                 DataTypes_Auto_infer(ml_usecase='classification',
                                      target='Class/ASD')),
                ('imputer',
                 Simple_Imputer(categorical_strategy='not_available',
                                fill_value_categorical=None,
                                fill_value_numerical=None,
                                numeric_strategy='mean',
                                target_variable=None)),
                ('new_levels1',
                 New_Catagorical_Levels_in_TestData(replacement_strategy='least '
                                                                         'frequent',
                                                    t...
                ('binn', 'passthrough'), ('rem_outliers', 'passthrough'),
                ('cluster_all', 'passthrough'),
                ('dummy', Dummify(target='Class/ASD')),
                ('fix_perfect', 'passthrough'),
                ('clean_names', Clean_Colum_Names()),
                ('feature_select', 'passthrough'), ('fix_multi', 'passthrough'),
                ('dfs', 'passthrough'), ('pca', 'passthrough'),
                ['trained_model', AdaBoostClassifier(random_state=2411)]]), probability_threshold=None, encoded_labels=False, raw_score=False, round=4, verbose=True, ml_usecase=MLUsecase.CLASSIFICATION, display=None)
2021-08-01 04:06:22,794:INFO:Checking exceptions
2021-08-01 04:06:22,794:INFO:Preloading libraries
2021-08-01 04:06:24,594:INFO:Initializing load_model()
2021-08-01 04:06:24,594:INFO:load_model(model_name=autism-Adolescent-2021-7-28, platform=None, authentication=None, verbose=True)
2021-08-01 04:06:24,658:INFO:Initializing predict_model()
2021-08-01 04:06:24,661:INFO:predict_model(estimator=Pipeline(steps=[('dtypes',
                 DataTypes_Auto_infer(ml_usecase='classification',
                                      target='Class/ASD')),
                ('imputer',
                 Simple_Imputer(categorical_strategy='not_available',
                                fill_value_categorical=None,
                                fill_value_numerical=None,
                                numeric_strategy='mean',
                                target_variable=None)),
                ('new_levels1',
                 New_Catagorical_Levels_in_TestData(replacement_strategy='least '
                                                                         'frequent',
                                                    t...
                ('binn', 'passthrough'), ('rem_outliers', 'passthrough'),
                ('cluster_all', 'passthrough'),
                ('dummy', Dummify(target='Class/ASD')),
                ('fix_perfect', 'passthrough'),
                ('clean_names', Clean_Colum_Names()),
                ('feature_select', 'passthrough'), ('fix_multi', 'passthrough'),
                ('dfs', 'passthrough'), ('pca', 'passthrough'),
                ['trained_model', AdaBoostClassifier(random_state=2411)]]), probability_threshold=None, encoded_labels=False, raw_score=False, round=4, verbose=True, ml_usecase=MLUsecase.CLASSIFICATION, display=None)
2021-08-01 04:06:24,662:INFO:Checking exceptions
2021-08-01 04:06:24,662:INFO:Preloading libraries
2021-08-01 04:06:25,033:INFO:Initializing predict_model()
2021-08-01 04:06:25,034:INFO:predict_model(estimator=Pipeline(steps=[('dtypes',
                 DataTypes_Auto_infer(ml_usecase='classification',
                                      target='Class/ASD')),
                ('imputer',
                 Simple_Imputer(categorical_strategy='not_available',
                                fill_value_categorical=None,
                                fill_value_numerical=None,
                                numeric_strategy='mean',
                                target_variable=None)),
                ('new_levels1',
                 New_Catagorical_Levels_in_TestData(replacement_strategy='least '
                                                                         'frequent',
                                                    t...
                ('binn', 'passthrough'), ('rem_outliers', 'passthrough'),
                ('cluster_all', 'passthrough'),
                ('dummy', Dummify(target='Class/ASD')),
                ('fix_perfect', 'passthrough'),
                ('clean_names', Clean_Colum_Names()),
                ('feature_select', 'passthrough'), ('fix_multi', 'passthrough'),
                ('dfs', 'passthrough'), ('pca', 'passthrough'),
                ['trained_model', AdaBoostClassifier(random_state=2411)]]), probability_threshold=None, encoded_labels=False, raw_score=False, round=4, verbose=True, ml_usecase=MLUsecase.CLASSIFICATION, display=None)
2021-08-01 04:06:25,034:INFO:Checking exceptions
2021-08-01 04:06:25,035:INFO:Preloading libraries
2021-08-01 04:36:49,692:INFO:Initializing load_model()
2021-08-01 04:36:49,692:INFO:load_model(model_name=autism-Adolescent-2021-7-28, platform=None, authentication=None, verbose=True)
2021-08-01 04:36:49,773:INFO:Initializing predict_model()
2021-08-01 04:36:49,774:INFO:predict_model(estimator=Pipeline(steps=[('dtypes',
                 DataTypes_Auto_infer(ml_usecase='classification',
                                      target='Class/ASD')),
                ('imputer',
                 Simple_Imputer(categorical_strategy='not_available',
                                fill_value_categorical=None,
                                fill_value_numerical=None,
                                numeric_strategy='mean',
                                target_variable=None)),
                ('new_levels1',
                 New_Catagorical_Levels_in_TestData(replacement_strategy='least '
                                                                         'frequent',
                                                    t...
                ('binn', 'passthrough'), ('rem_outliers', 'passthrough'),
                ('cluster_all', 'passthrough'),
                ('dummy', Dummify(target='Class/ASD')),
                ('fix_perfect', 'passthrough'),
                ('clean_names', Clean_Colum_Names()),
                ('feature_select', 'passthrough'), ('fix_multi', 'passthrough'),
                ('dfs', 'passthrough'), ('pca', 'passthrough'),
                ['trained_model', AdaBoostClassifier(random_state=2411)]]), probability_threshold=None, encoded_labels=False, raw_score=False, round=4, verbose=True, ml_usecase=MLUsecase.CLASSIFICATION, display=None)
2021-08-01 04:36:49,776:INFO:Checking exceptions
2021-08-01 04:36:49,776:INFO:Preloading libraries
2021-08-01 04:36:51,922:INFO:Initializing load_model()
2021-08-01 04:36:51,922:INFO:load_model(model_name=autism-Adolescent-2021-7-28, platform=None, authentication=None, verbose=True)
2021-08-01 05:10:34,127:INFO:Initializing load_model()
2021-08-01 05:10:34,146:INFO:load_model(model_name=autism-Toddler2021-7-28, platform=None, authentication=None, verbose=True)
2021-08-01 05:10:34,245:INFO:Initializing predict_model()
2021-08-01 05:10:34,245:INFO:predict_model(estimator=Pipeline(steps=[('dtypes',
                 DataTypes_Auto_infer(ml_usecase='classification',
                                      target='Class/ASD')),
                ('imputer',
                 Simple_Imputer(categorical_strategy='not_available',
                                fill_value_categorical=None,
                                fill_value_numerical=None,
                                numeric_strategy='mean',
                                target_variable=None)),
                ('new_levels1',
                 New_Catagorical_Levels_in_TestData(replacement_strategy='least '
                                                                         'frequent',
                                                    t...
                ('binn', 'passthrough'), ('rem_outliers', 'passthrough'),
                ('cluster_all', 'passthrough'),
                ('dummy', Dummify(target='Class/ASD')),
                ('fix_perfect', 'passthrough'),
                ('clean_names', Clean_Colum_Names()),
                ('feature_select', 'passthrough'), ('fix_multi', 'passthrough'),
                ('dfs', 'passthrough'), ('pca', 'passthrough'),
                ['trained_model', DecisionTreeClassifier(random_state=6769)]]), probability_threshold=None, encoded_labels=False, raw_score=False, round=4, verbose=True, ml_usecase=MLUsecase.CLASSIFICATION, display=None)
2021-08-01 05:10:34,246:INFO:Checking exceptions
2021-08-01 05:10:34,247:INFO:Preloading libraries
2021-08-01 05:12:00,672:INFO:Initializing load_model()
2021-08-01 05:12:00,673:INFO:load_model(model_name=autism-Adolescent-2021-7-28, platform=None, authentication=None, verbose=True)
2021-08-01 05:12:00,902:INFO:Initializing predict_model()
2021-08-01 05:12:00,903:INFO:predict_model(estimator=Pipeline(steps=[('dtypes',
                 DataTypes_Auto_infer(ml_usecase='classification',
                                      target='Class/ASD')),
                ('imputer',
                 Simple_Imputer(categorical_strategy='not_available',
                                fill_value_categorical=None,
                                fill_value_numerical=None,
                                numeric_strategy='mean',
                                target_variable=None)),
                ('new_levels1',
                 New_Catagorical_Levels_in_TestData(replacement_strategy='least '
                                                                         'frequent',
                                                    t...
                ('binn', 'passthrough'), ('rem_outliers', 'passthrough'),
                ('cluster_all', 'passthrough'),
                ('dummy', Dummify(target='Class/ASD')),
                ('fix_perfect', 'passthrough'),
                ('clean_names', Clean_Colum_Names()),
                ('feature_select', 'passthrough'), ('fix_multi', 'passthrough'),
                ('dfs', 'passthrough'), ('pca', 'passthrough'),
                ['trained_model', AdaBoostClassifier(random_state=2411)]]), probability_threshold=None, encoded_labels=False, raw_score=False, round=4, verbose=True, ml_usecase=MLUsecase.CLASSIFICATION, display=None)
2021-08-01 05:12:00,904:INFO:Checking exceptions
2021-08-01 05:12:00,904:INFO:Preloading libraries
2021-08-01 05:12:04,436:INFO:Initializing load_model()
2021-08-01 05:12:04,442:INFO:load_model(model_name=autism-Adolescent-2021-7-28, platform=None, authentication=None, verbose=True)
2021-08-01 05:12:09,204:INFO:Initializing load_model()
2021-08-01 05:12:09,205:INFO:load_model(model_name=autism-Adolescent-2021-7-28, platform=None, authentication=None, verbose=True)
2021-08-01 05:12:09,263:INFO:Initializing predict_model()
2021-08-01 05:12:09,281:INFO:predict_model(estimator=Pipeline(steps=[('dtypes',
                 DataTypes_Auto_infer(ml_usecase='classification',
                                      target='Class/ASD')),
                ('imputer',
                 Simple_Imputer(categorical_strategy='not_available',
                                fill_value_categorical=None,
                                fill_value_numerical=None,
                                numeric_strategy='mean',
                                target_variable=None)),
                ('new_levels1',
                 New_Catagorical_Levels_in_TestData(replacement_strategy='least '
                                                                         'frequent',
                                                    t...
                ('binn', 'passthrough'), ('rem_outliers', 'passthrough'),
                ('cluster_all', 'passthrough'),
                ('dummy', Dummify(target='Class/ASD')),
                ('fix_perfect', 'passthrough'),
                ('clean_names', Clean_Colum_Names()),
                ('feature_select', 'passthrough'), ('fix_multi', 'passthrough'),
                ('dfs', 'passthrough'), ('pca', 'passthrough'),
                ['trained_model', AdaBoostClassifier(random_state=2411)]]), probability_threshold=None, encoded_labels=False, raw_score=False, round=4, verbose=True, ml_usecase=MLUsecase.CLASSIFICATION, display=None)
2021-08-01 05:12:09,283:INFO:Checking exceptions
2021-08-01 05:12:09,284:INFO:Preloading libraries
2021-08-01 05:12:15,262:INFO:Initializing load_model()
2021-08-01 05:12:15,263:INFO:load_model(model_name=autism-Toddler2021-7-28, platform=None, authentication=None, verbose=True)
2021-08-01 05:12:15,303:INFO:Initializing predict_model()
2021-08-01 05:12:15,304:INFO:predict_model(estimator=Pipeline(steps=[('dtypes',
                 DataTypes_Auto_infer(ml_usecase='classification',
                                      target='Class/ASD')),
                ('imputer',
                 Simple_Imputer(categorical_strategy='not_available',
                                fill_value_categorical=None,
                                fill_value_numerical=None,
                                numeric_strategy='mean',
                                target_variable=None)),
                ('new_levels1',
                 New_Catagorical_Levels_in_TestData(replacement_strategy='least '
                                                                         'frequent',
                                                    t...
                ('binn', 'passthrough'), ('rem_outliers', 'passthrough'),
                ('cluster_all', 'passthrough'),
                ('dummy', Dummify(target='Class/ASD')),
                ('fix_perfect', 'passthrough'),
                ('clean_names', Clean_Colum_Names()),
                ('feature_select', 'passthrough'), ('fix_multi', 'passthrough'),
                ('dfs', 'passthrough'), ('pca', 'passthrough'),
                ['trained_model', DecisionTreeClassifier(random_state=6769)]]), probability_threshold=None, encoded_labels=False, raw_score=False, round=4, verbose=True, ml_usecase=MLUsecase.CLASSIFICATION, display=None)
2021-08-01 05:12:15,305:INFO:Checking exceptions
2021-08-01 05:12:15,306:INFO:Preloading libraries
2021-08-01 05:12:21,198:INFO:Initializing load_model()
2021-08-01 05:12:21,198:INFO:load_model(model_name=autism-Toddler2021-7-28, platform=None, authentication=None, verbose=True)
2021-08-01 05:12:25,651:INFO:Initializing load_model()
2021-08-01 05:12:25,660:INFO:load_model(model_name=autism-Toddler2021-7-28, platform=None, authentication=None, verbose=True)
2021-08-01 05:12:25,729:INFO:Initializing predict_model()
2021-08-01 05:12:25,730:INFO:predict_model(estimator=Pipeline(steps=[('dtypes',
                 DataTypes_Auto_infer(ml_usecase='classification',
                                      target='Class/ASD')),
                ('imputer',
                 Simple_Imputer(categorical_strategy='not_available',
                                fill_value_categorical=None,
                                fill_value_numerical=None,
                                numeric_strategy='mean',
                                target_variable=None)),
                ('new_levels1',
                 New_Catagorical_Levels_in_TestData(replacement_strategy='least '
                                                                         'frequent',
                                                    t...
                ('binn', 'passthrough'), ('rem_outliers', 'passthrough'),
                ('cluster_all', 'passthrough'),
                ('dummy', Dummify(target='Class/ASD')),
                ('fix_perfect', 'passthrough'),
                ('clean_names', Clean_Colum_Names()),
                ('feature_select', 'passthrough'), ('fix_multi', 'passthrough'),
                ('dfs', 'passthrough'), ('pca', 'passthrough'),
                ['trained_model', DecisionTreeClassifier(random_state=6769)]]), probability_threshold=None, encoded_labels=False, raw_score=False, round=4, verbose=True, ml_usecase=MLUsecase.CLASSIFICATION, display=None)
2021-08-01 05:12:25,731:INFO:Checking exceptions
2021-08-01 05:12:25,733:INFO:Preloading libraries
2021-08-01 05:12:44,312:INFO:Initializing load_model()
2021-08-01 05:12:44,318:INFO:load_model(model_name=autism-Child-2021-7-28, platform=None, authentication=None, verbose=True)
2021-08-01 05:12:44,397:INFO:Initializing predict_model()
2021-08-01 05:12:44,398:INFO:predict_model(estimator=Pipeline(steps=[('dtypes',
                 DataTypes_Auto_infer(ml_usecase='classification',
                                      target='Class/ASD')),
                ('imputer',
                 Simple_Imputer(categorical_strategy='not_available',
                                fill_value_categorical=None,
                                fill_value_numerical=None,
                                numeric_strategy='mean',
                                target_variable=None)),
                ('new_levels1',
                 New_Catagorical_Levels_in_TestData(replacement_strategy='least '
                                                                         'frequent',
                                                    t...
                ('binn', 'passthrough'), ('rem_outliers', 'passthrough'),
                ('cluster_all', 'passthrough'),
                ('dummy', Dummify(target='Class/ASD')),
                ('fix_perfect', 'passthrough'),
                ('clean_names', Clean_Colum_Names()),
                ('feature_select', 'passthrough'), ('fix_multi', 'passthrough'),
                ('dfs', 'passthrough'), ('pca', 'passthrough'),
                ['trained_model', DecisionTreeClassifier(random_state=215)]]), probability_threshold=None, encoded_labels=False, raw_score=False, round=4, verbose=True, ml_usecase=MLUsecase.CLASSIFICATION, display=None)
2021-08-01 05:12:44,408:INFO:Checking exceptions
2021-08-01 05:12:44,412:INFO:Preloading libraries
2021-08-01 05:12:53,185:INFO:Initializing load_model()
2021-08-01 05:12:53,186:INFO:load_model(model_name=autism-Child-2021-7-28, platform=None, authentication=None, verbose=True)
2021-08-01 05:12:57,156:INFO:Initializing load_model()
2021-08-01 05:12:57,157:INFO:load_model(model_name=autism-Adult2021-7-28, platform=None, authentication=None, verbose=True)
2021-08-01 05:13:03,081:INFO:Initializing load_model()
2021-08-01 05:13:03,085:INFO:load_model(model_name=autism-Adult2021-7-28, platform=None, authentication=None, verbose=True)
2021-08-01 05:13:03,127:INFO:Initializing predict_model()
2021-08-01 05:13:03,128:INFO:predict_model(estimator=Pipeline(steps=[('dtypes',
                 DataTypes_Auto_infer(ml_usecase='classification',
                                      target='Class/ASD')),
                ('imputer',
                 Simple_Imputer(categorical_strategy='not_available',
                                fill_value_categorical=None,
                                fill_value_numerical=None,
                                numeric_strategy='mean',
                                target_variable=None)),
                ('new_levels1',
                 New_Catagorical_Levels_in_TestData(replacement_strategy='least '
                                                                         'frequent',
                                                    t...
                ('binn', 'passthrough'), ('rem_outliers', 'passthrough'),
                ('cluster_all', 'passthrough'),
                ('dummy', Dummify(target='Class/ASD')),
                ('fix_perfect', 'passthrough'),
                ('clean_names', Clean_Colum_Names()),
                ('feature_select', 'passthrough'), ('fix_multi', 'passthrough'),
                ('dfs', 'passthrough'), ('pca', 'passthrough'),
                ['trained_model', DecisionTreeClassifier(random_state=1324)]]), probability_threshold=None, encoded_labels=False, raw_score=False, round=4, verbose=True, ml_usecase=MLUsecase.CLASSIFICATION, display=None)
2021-08-01 05:13:03,131:INFO:Checking exceptions
2021-08-01 05:13:03,142:INFO:Preloading libraries
2021-08-01 05:13:19,852:INFO:Initializing load_model()
2021-08-01 05:13:19,854:INFO:load_model(model_name=autism-Adult2021-7-28, platform=None, authentication=None, verbose=True)
2021-08-01 05:13:19,890:INFO:Initializing predict_model()
2021-08-01 05:13:19,891:INFO:predict_model(estimator=Pipeline(steps=[('dtypes',
                 DataTypes_Auto_infer(ml_usecase='classification',
                                      target='Class/ASD')),
                ('imputer',
                 Simple_Imputer(categorical_strategy='not_available',
                                fill_value_categorical=None,
                                fill_value_numerical=None,
                                numeric_strategy='mean',
                                target_variable=None)),
                ('new_levels1',
                 New_Catagorical_Levels_in_TestData(replacement_strategy='least '
                                                                         'frequent',
                                                    t...
                ('binn', 'passthrough'), ('rem_outliers', 'passthrough'),
                ('cluster_all', 'passthrough'),
                ('dummy', Dummify(target='Class/ASD')),
                ('fix_perfect', 'passthrough'),
                ('clean_names', Clean_Colum_Names()),
                ('feature_select', 'passthrough'), ('fix_multi', 'passthrough'),
                ('dfs', 'passthrough'), ('pca', 'passthrough'),
                ['trained_model', DecisionTreeClassifier(random_state=1324)]]), probability_threshold=None, encoded_labels=False, raw_score=False, round=4, verbose=True, ml_usecase=MLUsecase.CLASSIFICATION, display=None)
2021-08-01 05:13:19,892:INFO:Checking exceptions
2021-08-01 05:13:19,892:INFO:Preloading libraries
2021-08-01 05:13:20,240:INFO:Initializing predict_model()
2021-08-01 05:13:20,240:INFO:predict_model(estimator=Pipeline(steps=[('dtypes',
                 DataTypes_Auto_infer(ml_usecase='classification',
                                      target='Class/ASD')),
                ('imputer',
                 Simple_Imputer(categorical_strategy='not_available',
                                fill_value_categorical=None,
                                fill_value_numerical=None,
                                numeric_strategy='mean',
                                target_variable=None)),
                ('new_levels1',
                 New_Catagorical_Levels_in_TestData(replacement_strategy='least '
                                                                         'frequent',
                                                    t...
                ('binn', 'passthrough'), ('rem_outliers', 'passthrough'),
                ('cluster_all', 'passthrough'),
                ('dummy', Dummify(target='Class/ASD')),
                ('fix_perfect', 'passthrough'),
                ('clean_names', Clean_Colum_Names()),
                ('feature_select', 'passthrough'), ('fix_multi', 'passthrough'),
                ('dfs', 'passthrough'), ('pca', 'passthrough'),
                ['trained_model', DecisionTreeClassifier(random_state=1324)]]), probability_threshold=None, encoded_labels=False, raw_score=False, round=4, verbose=True, ml_usecase=MLUsecase.CLASSIFICATION, display=None)
2021-08-01 05:13:20,241:INFO:Checking exceptions
2021-08-01 05:13:20,242:INFO:Preloading libraries
2021-08-01 05:16:34,905:INFO:Initializing load_model()
2021-08-01 05:16:34,910:INFO:load_model(model_name=autism-Toddler2021-7-28, platform=None, authentication=None, verbose=True)
2021-08-01 05:16:34,968:INFO:Initializing predict_model()
2021-08-01 05:16:34,972:INFO:predict_model(estimator=Pipeline(steps=[('dtypes',
                 DataTypes_Auto_infer(ml_usecase='classification',
                                      target='Class/ASD')),
                ('imputer',
                 Simple_Imputer(categorical_strategy='not_available',
                                fill_value_categorical=None,
                                fill_value_numerical=None,
                                numeric_strategy='mean',
                                target_variable=None)),
                ('new_levels1',
                 New_Catagorical_Levels_in_TestData(replacement_strategy='least '
                                                                         'frequent',
                                                    t...
                ('binn', 'passthrough'), ('rem_outliers', 'passthrough'),
                ('cluster_all', 'passthrough'),
                ('dummy', Dummify(target='Class/ASD')),
                ('fix_perfect', 'passthrough'),
                ('clean_names', Clean_Colum_Names()),
                ('feature_select', 'passthrough'), ('fix_multi', 'passthrough'),
                ('dfs', 'passthrough'), ('pca', 'passthrough'),
                ['trained_model', DecisionTreeClassifier(random_state=6769)]]), probability_threshold=None, encoded_labels=False, raw_score=False, round=4, verbose=True, ml_usecase=MLUsecase.CLASSIFICATION, display=None)
2021-08-01 05:16:34,973:INFO:Checking exceptions
2021-08-01 05:16:34,974:INFO:Preloading libraries
2021-08-01 05:16:57,028:INFO:Initializing load_model()
2021-08-01 05:16:57,035:INFO:load_model(model_name=autism-Toddler2021-7-28, platform=None, authentication=None, verbose=True)
2021-08-01 05:16:57,097:INFO:Initializing predict_model()
2021-08-01 05:16:57,098:INFO:predict_model(estimator=Pipeline(steps=[('dtypes',
                 DataTypes_Auto_infer(ml_usecase='classification',
                                      target='Class/ASD')),
                ('imputer',
                 Simple_Imputer(categorical_strategy='not_available',
                                fill_value_categorical=None,
                                fill_value_numerical=None,
                                numeric_strategy='mean',
                                target_variable=None)),
                ('new_levels1',
                 New_Catagorical_Levels_in_TestData(replacement_strategy='least '
                                                                         'frequent',
                                                    t...
                ('binn', 'passthrough'), ('rem_outliers', 'passthrough'),
                ('cluster_all', 'passthrough'),
                ('dummy', Dummify(target='Class/ASD')),
                ('fix_perfect', 'passthrough'),
                ('clean_names', Clean_Colum_Names()),
                ('feature_select', 'passthrough'), ('fix_multi', 'passthrough'),
                ('dfs', 'passthrough'), ('pca', 'passthrough'),
                ['trained_model', DecisionTreeClassifier(random_state=6769)]]), probability_threshold=None, encoded_labels=False, raw_score=False, round=4, verbose=True, ml_usecase=MLUsecase.CLASSIFICATION, display=None)
2021-08-01 05:16:57,100:INFO:Checking exceptions
2021-08-01 05:16:57,103:INFO:Preloading libraries
2021-08-01 05:17:04,774:INFO:Initializing load_model()
2021-08-01 05:17:04,775:INFO:load_model(model_name=autism-Child-2021-7-28, platform=None, authentication=None, verbose=True)
2021-08-01 05:17:04,814:INFO:Initializing predict_model()
2021-08-01 05:17:04,815:INFO:predict_model(estimator=Pipeline(steps=[('dtypes',
                 DataTypes_Auto_infer(ml_usecase='classification',
                                      target='Class/ASD')),
                ('imputer',
                 Simple_Imputer(categorical_strategy='not_available',
                                fill_value_categorical=None,
                                fill_value_numerical=None,
                                numeric_strategy='mean',
                                target_variable=None)),
                ('new_levels1',
                 New_Catagorical_Levels_in_TestData(replacement_strategy='least '
                                                                         'frequent',
                                                    t...
                ('binn', 'passthrough'), ('rem_outliers', 'passthrough'),
                ('cluster_all', 'passthrough'),
                ('dummy', Dummify(target='Class/ASD')),
                ('fix_perfect', 'passthrough'),
                ('clean_names', Clean_Colum_Names()),
                ('feature_select', 'passthrough'), ('fix_multi', 'passthrough'),
                ('dfs', 'passthrough'), ('pca', 'passthrough'),
                ['trained_model', DecisionTreeClassifier(random_state=215)]]), probability_threshold=None, encoded_labels=False, raw_score=False, round=4, verbose=True, ml_usecase=MLUsecase.CLASSIFICATION, display=None)
2021-08-01 05:17:04,817:INFO:Checking exceptions
2021-08-01 05:17:04,817:INFO:Preloading libraries
2021-08-01 05:17:10,358:INFO:Initializing load_model()
2021-08-01 05:17:10,359:INFO:load_model(model_name=autism-Toddler2021-7-28, platform=None, authentication=None, verbose=True)
2021-08-01 05:17:10,397:INFO:Initializing predict_model()
2021-08-01 05:17:10,398:INFO:predict_model(estimator=Pipeline(steps=[('dtypes',
                 DataTypes_Auto_infer(ml_usecase='classification',
                                      target='Class/ASD')),
                ('imputer',
                 Simple_Imputer(categorical_strategy='not_available',
                                fill_value_categorical=None,
                                fill_value_numerical=None,
                                numeric_strategy='mean',
                                target_variable=None)),
                ('new_levels1',
                 New_Catagorical_Levels_in_TestData(replacement_strategy='least '
                                                                         'frequent',
                                                    t...
                ('binn', 'passthrough'), ('rem_outliers', 'passthrough'),
                ('cluster_all', 'passthrough'),
                ('dummy', Dummify(target='Class/ASD')),
                ('fix_perfect', 'passthrough'),
                ('clean_names', Clean_Colum_Names()),
                ('feature_select', 'passthrough'), ('fix_multi', 'passthrough'),
                ('dfs', 'passthrough'), ('pca', 'passthrough'),
                ['trained_model', DecisionTreeClassifier(random_state=6769)]]), probability_threshold=None, encoded_labels=False, raw_score=False, round=4, verbose=True, ml_usecase=MLUsecase.CLASSIFICATION, display=None)
2021-08-01 05:17:10,399:INFO:Checking exceptions
2021-08-01 05:17:10,400:INFO:Preloading libraries
2021-08-01 05:22:07,766:INFO:Initializing load_model()
2021-08-01 05:22:07,766:INFO:load_model(model_name=autism-Toddler2021-7-28, platform=None, authentication=None, verbose=True)
2021-08-01 05:22:07,843:INFO:Initializing predict_model()
2021-08-01 05:22:07,848:INFO:predict_model(estimator=Pipeline(steps=[('dtypes',
                 DataTypes_Auto_infer(ml_usecase='classification',
                                      target='Class/ASD')),
                ('imputer',
                 Simple_Imputer(categorical_strategy='not_available',
                                fill_value_categorical=None,
                                fill_value_numerical=None,
                                numeric_strategy='mean',
                                target_variable=None)),
                ('new_levels1',
                 New_Catagorical_Levels_in_TestData(replacement_strategy='least '
                                                                         'frequent',
                                                    t...
                ('binn', 'passthrough'), ('rem_outliers', 'passthrough'),
                ('cluster_all', 'passthrough'),
                ('dummy', Dummify(target='Class/ASD')),
                ('fix_perfect', 'passthrough'),
                ('clean_names', Clean_Colum_Names()),
                ('feature_select', 'passthrough'), ('fix_multi', 'passthrough'),
                ('dfs', 'passthrough'), ('pca', 'passthrough'),
                ['trained_model', DecisionTreeClassifier(random_state=6769)]]), probability_threshold=None, encoded_labels=False, raw_score=False, round=4, verbose=True, ml_usecase=MLUsecase.CLASSIFICATION, display=None)
2021-08-01 05:22:07,852:INFO:Checking exceptions
2021-08-01 05:22:07,853:INFO:Preloading libraries
2021-08-01 05:23:13,840:INFO:Initializing load_model()
2021-08-01 05:23:13,841:INFO:load_model(model_name=autism-Toddler2021-7-28, platform=None, authentication=None, verbose=True)
2021-08-01 05:23:13,881:INFO:Initializing predict_model()
2021-08-01 05:23:13,882:INFO:predict_model(estimator=Pipeline(steps=[('dtypes',
                 DataTypes_Auto_infer(ml_usecase='classification',
                                      target='Class/ASD')),
                ('imputer',
                 Simple_Imputer(categorical_strategy='not_available',
                                fill_value_categorical=None,
                                fill_value_numerical=None,
                                numeric_strategy='mean',
                                target_variable=None)),
                ('new_levels1',
                 New_Catagorical_Levels_in_TestData(replacement_strategy='least '
                                                                         'frequent',
                                                    t...
                ('binn', 'passthrough'), ('rem_outliers', 'passthrough'),
                ('cluster_all', 'passthrough'),
                ('dummy', Dummify(target='Class/ASD')),
                ('fix_perfect', 'passthrough'),
                ('clean_names', Clean_Colum_Names()),
                ('feature_select', 'passthrough'), ('fix_multi', 'passthrough'),
                ('dfs', 'passthrough'), ('pca', 'passthrough'),
                ['trained_model', DecisionTreeClassifier(random_state=6769)]]), probability_threshold=None, encoded_labels=False, raw_score=False, round=4, verbose=True, ml_usecase=MLUsecase.CLASSIFICATION, display=None)
2021-08-01 05:23:13,883:INFO:Checking exceptions
2021-08-01 05:23:13,885:INFO:Preloading libraries
2021-08-01 05:23:15,656:INFO:Initializing load_model()
2021-08-01 05:23:15,656:INFO:load_model(model_name=autism-Toddler2021-7-28, platform=None, authentication=None, verbose=True)
2021-08-01 05:23:15,694:INFO:Initializing predict_model()
2021-08-01 05:23:15,696:INFO:predict_model(estimator=Pipeline(steps=[('dtypes',
                 DataTypes_Auto_infer(ml_usecase='classification',
                                      target='Class/ASD')),
                ('imputer',
                 Simple_Imputer(categorical_strategy='not_available',
                                fill_value_categorical=None,
                                fill_value_numerical=None,
                                numeric_strategy='mean',
                                target_variable=None)),
                ('new_levels1',
                 New_Catagorical_Levels_in_TestData(replacement_strategy='least '
                                                                         'frequent',
                                                    t...
                ('binn', 'passthrough'), ('rem_outliers', 'passthrough'),
                ('cluster_all', 'passthrough'),
                ('dummy', Dummify(target='Class/ASD')),
                ('fix_perfect', 'passthrough'),
                ('clean_names', Clean_Colum_Names()),
                ('feature_select', 'passthrough'), ('fix_multi', 'passthrough'),
                ('dfs', 'passthrough'), ('pca', 'passthrough'),
                ['trained_model', DecisionTreeClassifier(random_state=6769)]]), probability_threshold=None, encoded_labels=False, raw_score=False, round=4, verbose=True, ml_usecase=MLUsecase.CLASSIFICATION, display=None)
2021-08-01 05:23:15,697:INFO:Checking exceptions
2021-08-01 05:23:15,698:INFO:Preloading libraries
2021-08-01 05:23:21,997:INFO:Initializing load_model()
2021-08-01 05:23:21,999:INFO:load_model(model_name=autism-Toddler2021-7-28, platform=None, authentication=None, verbose=True)
2021-08-01 05:23:22,043:INFO:Initializing predict_model()
2021-08-01 05:23:22,045:INFO:predict_model(estimator=Pipeline(steps=[('dtypes',
                 DataTypes_Auto_infer(ml_usecase='classification',
                                      target='Class/ASD')),
                ('imputer',
                 Simple_Imputer(categorical_strategy='not_available',
                                fill_value_categorical=None,
                                fill_value_numerical=None,
                                numeric_strategy='mean',
                                target_variable=None)),
                ('new_levels1',
                 New_Catagorical_Levels_in_TestData(replacement_strategy='least '
                                                                         'frequent',
                                                    t...
                ('binn', 'passthrough'), ('rem_outliers', 'passthrough'),
                ('cluster_all', 'passthrough'),
                ('dummy', Dummify(target='Class/ASD')),
                ('fix_perfect', 'passthrough'),
                ('clean_names', Clean_Colum_Names()),
                ('feature_select', 'passthrough'), ('fix_multi', 'passthrough'),
                ('dfs', 'passthrough'), ('pca', 'passthrough'),
                ['trained_model', DecisionTreeClassifier(random_state=6769)]]), probability_threshold=None, encoded_labels=False, raw_score=False, round=4, verbose=True, ml_usecase=MLUsecase.CLASSIFICATION, display=None)
2021-08-01 05:23:22,048:INFO:Checking exceptions
2021-08-01 05:23:22,063:INFO:Preloading libraries
2021-08-01 05:23:24,023:INFO:Initializing load_model()
2021-08-01 05:23:24,024:INFO:load_model(model_name=autism-Toddler2021-7-28, platform=None, authentication=None, verbose=True)
2021-08-01 05:23:24,088:INFO:Initializing predict_model()
2021-08-01 05:23:24,090:INFO:predict_model(estimator=Pipeline(steps=[('dtypes',
                 DataTypes_Auto_infer(ml_usecase='classification',
                                      target='Class/ASD')),
                ('imputer',
                 Simple_Imputer(categorical_strategy='not_available',
                                fill_value_categorical=None,
                                fill_value_numerical=None,
                                numeric_strategy='mean',
                                target_variable=None)),
                ('new_levels1',
                 New_Catagorical_Levels_in_TestData(replacement_strategy='least '
                                                                         'frequent',
                                                    t...
                ('binn', 'passthrough'), ('rem_outliers', 'passthrough'),
                ('cluster_all', 'passthrough'),
                ('dummy', Dummify(target='Class/ASD')),
                ('fix_perfect', 'passthrough'),
                ('clean_names', Clean_Colum_Names()),
                ('feature_select', 'passthrough'), ('fix_multi', 'passthrough'),
                ('dfs', 'passthrough'), ('pca', 'passthrough'),
                ['trained_model', DecisionTreeClassifier(random_state=6769)]]), probability_threshold=None, encoded_labels=False, raw_score=False, round=4, verbose=True, ml_usecase=MLUsecase.CLASSIFICATION, display=None)
2021-08-01 05:23:24,091:INFO:Checking exceptions
2021-08-01 05:23:24,091:INFO:Preloading libraries
2021-08-01 05:23:28,115:INFO:Initializing load_model()
2021-08-01 05:23:28,116:INFO:load_model(model_name=autism-Toddler2021-7-28, platform=None, authentication=None, verbose=True)
2021-08-01 05:23:28,156:INFO:Initializing predict_model()
2021-08-01 05:23:28,157:INFO:predict_model(estimator=Pipeline(steps=[('dtypes',
                 DataTypes_Auto_infer(ml_usecase='classification',
                                      target='Class/ASD')),
                ('imputer',
                 Simple_Imputer(categorical_strategy='not_available',
                                fill_value_categorical=None,
                                fill_value_numerical=None,
                                numeric_strategy='mean',
                                target_variable=None)),
                ('new_levels1',
                 New_Catagorical_Levels_in_TestData(replacement_strategy='least '
                                                                         'frequent',
                                                    t...
                ('binn', 'passthrough'), ('rem_outliers', 'passthrough'),
                ('cluster_all', 'passthrough'),
                ('dummy', Dummify(target='Class/ASD')),
                ('fix_perfect', 'passthrough'),
                ('clean_names', Clean_Colum_Names()),
                ('feature_select', 'passthrough'), ('fix_multi', 'passthrough'),
                ('dfs', 'passthrough'), ('pca', 'passthrough'),
                ['trained_model', DecisionTreeClassifier(random_state=6769)]]), probability_threshold=None, encoded_labels=False, raw_score=False, round=4, verbose=True, ml_usecase=MLUsecase.CLASSIFICATION, display=None)
2021-08-01 05:23:28,158:INFO:Checking exceptions
2021-08-01 05:23:28,159:INFO:Preloading libraries
2021-08-01 05:26:15,347:INFO:Initializing load_model()
2021-08-01 05:26:15,348:INFO:load_model(model_name=autism-Toddler2021-7-28, platform=None, authentication=None, verbose=True)
2021-08-01 05:26:15,399:INFO:Initializing predict_model()
2021-08-01 05:26:15,400:INFO:predict_model(estimator=Pipeline(steps=[('dtypes',
                 DataTypes_Auto_infer(ml_usecase='classification',
                                      target='Class/ASD')),
                ('imputer',
                 Simple_Imputer(categorical_strategy='not_available',
                                fill_value_categorical=None,
                                fill_value_numerical=None,
                                numeric_strategy='mean',
                                target_variable=None)),
                ('new_levels1',
                 New_Catagorical_Levels_in_TestData(replacement_strategy='least '
                                                                         'frequent',
                                                    t...
                ('binn', 'passthrough'), ('rem_outliers', 'passthrough'),
                ('cluster_all', 'passthrough'),
                ('dummy', Dummify(target='Class/ASD')),
                ('fix_perfect', 'passthrough'),
                ('clean_names', Clean_Colum_Names()),
                ('feature_select', 'passthrough'), ('fix_multi', 'passthrough'),
                ('dfs', 'passthrough'), ('pca', 'passthrough'),
                ['trained_model', DecisionTreeClassifier(random_state=6769)]]), probability_threshold=None, encoded_labels=False, raw_score=False, round=4, verbose=True, ml_usecase=MLUsecase.CLASSIFICATION, display=None)
2021-08-01 05:26:15,403:INFO:Checking exceptions
2021-08-01 05:26:15,404:INFO:Preloading libraries
2021-08-01 05:27:11,937:INFO:Initializing load_model()
2021-08-01 05:27:11,937:INFO:load_model(model_name=autism-Toddler2021-7-28, platform=None, authentication=None, verbose=True)
2021-08-01 05:27:11,978:INFO:Initializing predict_model()
2021-08-01 05:27:11,991:INFO:predict_model(estimator=Pipeline(steps=[('dtypes',
                 DataTypes_Auto_infer(ml_usecase='classification',
                                      target='Class/ASD')),
                ('imputer',
                 Simple_Imputer(categorical_strategy='not_available',
                                fill_value_categorical=None,
                                fill_value_numerical=None,
                                numeric_strategy='mean',
                                target_variable=None)),
                ('new_levels1',
                 New_Catagorical_Levels_in_TestData(replacement_strategy='least '
                                                                         'frequent',
                                                    t...
                ('binn', 'passthrough'), ('rem_outliers', 'passthrough'),
                ('cluster_all', 'passthrough'),
                ('dummy', Dummify(target='Class/ASD')),
                ('fix_perfect', 'passthrough'),
                ('clean_names', Clean_Colum_Names()),
                ('feature_select', 'passthrough'), ('fix_multi', 'passthrough'),
                ('dfs', 'passthrough'), ('pca', 'passthrough'),
                ['trained_model', DecisionTreeClassifier(random_state=6769)]]), probability_threshold=None, encoded_labels=False, raw_score=False, round=4, verbose=True, ml_usecase=MLUsecase.CLASSIFICATION, display=None)
2021-08-01 05:27:11,998:INFO:Checking exceptions
2021-08-01 05:27:11,999:INFO:Preloading libraries
2021-08-01 05:30:48,099:INFO:Initializing load_model()
2021-08-01 05:30:48,100:INFO:load_model(model_name=autism-Toddler2021-7-28, platform=None, authentication=None, verbose=True)
2021-08-01 05:30:48,141:INFO:Initializing predict_model()
2021-08-01 05:30:48,142:INFO:predict_model(estimator=Pipeline(steps=[('dtypes',
                 DataTypes_Auto_infer(ml_usecase='classification',
                                      target='Class/ASD')),
                ('imputer',
                 Simple_Imputer(categorical_strategy='not_available',
                                fill_value_categorical=None,
                                fill_value_numerical=None,
                                numeric_strategy='mean',
                                target_variable=None)),
                ('new_levels1',
                 New_Catagorical_Levels_in_TestData(replacement_strategy='least '
                                                                         'frequent',
                                                    t...
                ('binn', 'passthrough'), ('rem_outliers', 'passthrough'),
                ('cluster_all', 'passthrough'),
                ('dummy', Dummify(target='Class/ASD')),
                ('fix_perfect', 'passthrough'),
                ('clean_names', Clean_Colum_Names()),
                ('feature_select', 'passthrough'), ('fix_multi', 'passthrough'),
                ('dfs', 'passthrough'), ('pca', 'passthrough'),
                ['trained_model', DecisionTreeClassifier(random_state=6769)]]), probability_threshold=None, encoded_labels=False, raw_score=False, round=4, verbose=True, ml_usecase=MLUsecase.CLASSIFICATION, display=None)
2021-08-01 05:30:48,145:INFO:Checking exceptions
2021-08-01 05:30:48,145:INFO:Preloading libraries
2021-08-01 05:31:14,280:INFO:Initializing load_model()
2021-08-01 05:31:14,281:INFO:load_model(model_name=autism-Child-2021-7-28, platform=None, authentication=None, verbose=True)
2021-08-01 05:31:14,365:INFO:Initializing predict_model()
2021-08-01 05:31:14,369:INFO:predict_model(estimator=Pipeline(steps=[('dtypes',
                 DataTypes_Auto_infer(ml_usecase='classification',
                                      target='Class/ASD')),
                ('imputer',
                 Simple_Imputer(categorical_strategy='not_available',
                                fill_value_categorical=None,
                                fill_value_numerical=None,
                                numeric_strategy='mean',
                                target_variable=None)),
                ('new_levels1',
                 New_Catagorical_Levels_in_TestData(replacement_strategy='least '
                                                                         'frequent',
                                                    t...
                ('binn', 'passthrough'), ('rem_outliers', 'passthrough'),
                ('cluster_all', 'passthrough'),
                ('dummy', Dummify(target='Class/ASD')),
                ('fix_perfect', 'passthrough'),
                ('clean_names', Clean_Colum_Names()),
                ('feature_select', 'passthrough'), ('fix_multi', 'passthrough'),
                ('dfs', 'passthrough'), ('pca', 'passthrough'),
                ['trained_model', DecisionTreeClassifier(random_state=215)]]), probability_threshold=None, encoded_labels=False, raw_score=False, round=4, verbose=True, ml_usecase=MLUsecase.CLASSIFICATION, display=None)
2021-08-01 05:31:14,378:INFO:Checking exceptions
2021-08-01 05:31:14,378:INFO:Preloading libraries
2021-08-01 05:31:18,594:INFO:Initializing load_model()
2021-08-01 05:31:18,596:INFO:load_model(model_name=autism-Child-2021-7-28, platform=None, authentication=None, verbose=True)
2021-08-01 05:31:18,647:INFO:Initializing predict_model()
2021-08-01 05:31:18,661:INFO:predict_model(estimator=Pipeline(steps=[('dtypes',
                 DataTypes_Auto_infer(ml_usecase='classification',
                                      target='Class/ASD')),
                ('imputer',
                 Simple_Imputer(categorical_strategy='not_available',
                                fill_value_categorical=None,
                                fill_value_numerical=None,
                                numeric_strategy='mean',
                                target_variable=None)),
                ('new_levels1',
                 New_Catagorical_Levels_in_TestData(replacement_strategy='least '
                                                                         'frequent',
                                                    t...
                ('binn', 'passthrough'), ('rem_outliers', 'passthrough'),
                ('cluster_all', 'passthrough'),
                ('dummy', Dummify(target='Class/ASD')),
                ('fix_perfect', 'passthrough'),
                ('clean_names', Clean_Colum_Names()),
                ('feature_select', 'passthrough'), ('fix_multi', 'passthrough'),
                ('dfs', 'passthrough'), ('pca', 'passthrough'),
                ['trained_model', DecisionTreeClassifier(random_state=215)]]), probability_threshold=None, encoded_labels=False, raw_score=False, round=4, verbose=True, ml_usecase=MLUsecase.CLASSIFICATION, display=None)
2021-08-01 05:31:18,663:INFO:Checking exceptions
2021-08-01 05:31:18,668:INFO:Preloading libraries
2021-08-01 05:31:19,208:INFO:Initializing load_model()
2021-08-01 05:31:19,209:INFO:load_model(model_name=autism-Child-2021-7-28, platform=None, authentication=None, verbose=True)
2021-08-01 05:31:19,240:INFO:Initializing predict_model()
2021-08-01 05:31:19,240:INFO:predict_model(estimator=Pipeline(steps=[('dtypes',
                 DataTypes_Auto_infer(ml_usecase='classification',
                                      target='Class/ASD')),
                ('imputer',
                 Simple_Imputer(categorical_strategy='not_available',
                                fill_value_categorical=None,
                                fill_value_numerical=None,
                                numeric_strategy='mean',
                                target_variable=None)),
                ('new_levels1',
                 New_Catagorical_Levels_in_TestData(replacement_strategy='least '
                                                                         'frequent',
                                                    t...
                ('binn', 'passthrough'), ('rem_outliers', 'passthrough'),
                ('cluster_all', 'passthrough'),
                ('dummy', Dummify(target='Class/ASD')),
                ('fix_perfect', 'passthrough'),
                ('clean_names', Clean_Colum_Names()),
                ('feature_select', 'passthrough'), ('fix_multi', 'passthrough'),
                ('dfs', 'passthrough'), ('pca', 'passthrough'),
                ['trained_model', DecisionTreeClassifier(random_state=215)]]), probability_threshold=None, encoded_labels=False, raw_score=False, round=4, verbose=True, ml_usecase=MLUsecase.CLASSIFICATION, display=None)
2021-08-01 05:31:19,241:INFO:Checking exceptions
2021-08-01 05:31:19,241:INFO:Preloading libraries
2021-08-01 05:31:22,888:INFO:Initializing load_model()
2021-08-01 05:31:22,888:INFO:load_model(model_name=autism-Child-2021-7-28, platform=None, authentication=None, verbose=True)
2021-08-01 05:31:22,933:INFO:Initializing predict_model()
2021-08-01 05:31:22,934:INFO:predict_model(estimator=Pipeline(steps=[('dtypes',
                 DataTypes_Auto_infer(ml_usecase='classification',
                                      target='Class/ASD')),
                ('imputer',
                 Simple_Imputer(categorical_strategy='not_available',
                                fill_value_categorical=None,
                                fill_value_numerical=None,
                                numeric_strategy='mean',
                                target_variable=None)),
                ('new_levels1',
                 New_Catagorical_Levels_in_TestData(replacement_strategy='least '
                                                                         'frequent',
                                                    t...
                ('binn', 'passthrough'), ('rem_outliers', 'passthrough'),
                ('cluster_all', 'passthrough'),
                ('dummy', Dummify(target='Class/ASD')),
                ('fix_perfect', 'passthrough'),
                ('clean_names', Clean_Colum_Names()),
                ('feature_select', 'passthrough'), ('fix_multi', 'passthrough'),
                ('dfs', 'passthrough'), ('pca', 'passthrough'),
                ['trained_model', DecisionTreeClassifier(random_state=215)]]), probability_threshold=None, encoded_labels=False, raw_score=False, round=4, verbose=True, ml_usecase=MLUsecase.CLASSIFICATION, display=None)
2021-08-01 05:31:22,936:INFO:Checking exceptions
2021-08-01 05:31:22,937:INFO:Preloading libraries
2021-08-01 05:31:29,403:INFO:Initializing load_model()
2021-08-01 05:31:29,418:INFO:load_model(model_name=autism-Child-2021-7-28, platform=None, authentication=None, verbose=True)
2021-08-01 05:31:29,493:INFO:Initializing predict_model()
2021-08-01 05:31:29,504:INFO:predict_model(estimator=Pipeline(steps=[('dtypes',
                 DataTypes_Auto_infer(ml_usecase='classification',
                                      target='Class/ASD')),
                ('imputer',
                 Simple_Imputer(categorical_strategy='not_available',
                                fill_value_categorical=None,
                                fill_value_numerical=None,
                                numeric_strategy='mean',
                                target_variable=None)),
                ('new_levels1',
                 New_Catagorical_Levels_in_TestData(replacement_strategy='least '
                                                                         'frequent',
                                                    t...
                ('binn', 'passthrough'), ('rem_outliers', 'passthrough'),
                ('cluster_all', 'passthrough'),
                ('dummy', Dummify(target='Class/ASD')),
                ('fix_perfect', 'passthrough'),
                ('clean_names', Clean_Colum_Names()),
                ('feature_select', 'passthrough'), ('fix_multi', 'passthrough'),
                ('dfs', 'passthrough'), ('pca', 'passthrough'),
                ['trained_model', DecisionTreeClassifier(random_state=215)]]), probability_threshold=None, encoded_labels=False, raw_score=False, round=4, verbose=True, ml_usecase=MLUsecase.CLASSIFICATION, display=None)
2021-08-01 05:31:29,518:INFO:Checking exceptions
2021-08-01 05:31:29,518:INFO:Preloading libraries
2021-08-01 05:31:29,846:INFO:Initializing predict_model()
2021-08-01 05:31:29,846:INFO:predict_model(estimator=Pipeline(steps=[('dtypes',
                 DataTypes_Auto_infer(ml_usecase='classification',
                                      target='Class/ASD')),
                ('imputer',
                 Simple_Imputer(categorical_strategy='not_available',
                                fill_value_categorical=None,
                                fill_value_numerical=None,
                                numeric_strategy='mean',
                                target_variable=None)),
                ('new_levels1',
                 New_Catagorical_Levels_in_TestData(replacement_strategy='least '
                                                                         'frequent',
                                                    t...
                ('binn', 'passthrough'), ('rem_outliers', 'passthrough'),
                ('cluster_all', 'passthrough'),
                ('dummy', Dummify(target='Class/ASD')),
                ('fix_perfect', 'passthrough'),
                ('clean_names', Clean_Colum_Names()),
                ('feature_select', 'passthrough'), ('fix_multi', 'passthrough'),
                ('dfs', 'passthrough'), ('pca', 'passthrough'),
                ['trained_model', DecisionTreeClassifier(random_state=215)]]), probability_threshold=None, encoded_labels=False, raw_score=False, round=4, verbose=True, ml_usecase=MLUsecase.CLASSIFICATION, display=None)
2021-08-01 05:31:29,847:INFO:Checking exceptions
2021-08-01 05:31:29,848:INFO:Preloading libraries
2021-08-01 05:32:15,990:INFO:Initializing load_model()
2021-08-01 05:32:15,990:INFO:load_model(model_name=autism-Child-2021-7-28, platform=None, authentication=None, verbose=True)
2021-08-01 05:32:16,030:INFO:Initializing predict_model()
2021-08-01 05:32:16,030:INFO:predict_model(estimator=Pipeline(steps=[('dtypes',
                 DataTypes_Auto_infer(ml_usecase='classification',
                                      target='Class/ASD')),
                ('imputer',
                 Simple_Imputer(categorical_strategy='not_available',
                                fill_value_categorical=None,
                                fill_value_numerical=None,
                                numeric_strategy='mean',
                                target_variable=None)),
                ('new_levels1',
                 New_Catagorical_Levels_in_TestData(replacement_strategy='least '
                                                                         'frequent',
                                                    t...
                ('binn', 'passthrough'), ('rem_outliers', 'passthrough'),
                ('cluster_all', 'passthrough'),
                ('dummy', Dummify(target='Class/ASD')),
                ('fix_perfect', 'passthrough'),
                ('clean_names', Clean_Colum_Names()),
                ('feature_select', 'passthrough'), ('fix_multi', 'passthrough'),
                ('dfs', 'passthrough'), ('pca', 'passthrough'),
                ['trained_model', DecisionTreeClassifier(random_state=215)]]), probability_threshold=None, encoded_labels=False, raw_score=False, round=4, verbose=True, ml_usecase=MLUsecase.CLASSIFICATION, display=None)
2021-08-01 05:32:16,031:INFO:Checking exceptions
2021-08-01 05:32:16,032:INFO:Preloading libraries
2021-08-01 05:32:16,392:INFO:Initializing predict_model()
2021-08-01 05:32:16,393:INFO:predict_model(estimator=Pipeline(steps=[('dtypes',
                 DataTypes_Auto_infer(ml_usecase='classification',
                                      target='Class/ASD')),
                ('imputer',
                 Simple_Imputer(categorical_strategy='not_available',
                                fill_value_categorical=None,
                                fill_value_numerical=None,
                                numeric_strategy='mean',
                                target_variable=None)),
                ('new_levels1',
                 New_Catagorical_Levels_in_TestData(replacement_strategy='least '
                                                                         'frequent',
                                                    t...
                ('binn', 'passthrough'), ('rem_outliers', 'passthrough'),
                ('cluster_all', 'passthrough'),
                ('dummy', Dummify(target='Class/ASD')),
                ('fix_perfect', 'passthrough'),
                ('clean_names', Clean_Colum_Names()),
                ('feature_select', 'passthrough'), ('fix_multi', 'passthrough'),
                ('dfs', 'passthrough'), ('pca', 'passthrough'),
                ['trained_model', DecisionTreeClassifier(random_state=215)]]), probability_threshold=None, encoded_labels=False, raw_score=False, round=4, verbose=True, ml_usecase=MLUsecase.CLASSIFICATION, display=None)
2021-08-01 05:32:16,395:INFO:Checking exceptions
2021-08-01 05:32:16,396:INFO:Preloading libraries
2021-08-01 05:32:19,232:INFO:Initializing load_model()
2021-08-01 05:32:19,234:INFO:load_model(model_name=autism-Child-2021-7-28, platform=None, authentication=None, verbose=True)
2021-08-01 05:32:19,266:INFO:Initializing predict_model()
2021-08-01 05:32:19,267:INFO:predict_model(estimator=Pipeline(steps=[('dtypes',
                 DataTypes_Auto_infer(ml_usecase='classification',
                                      target='Class/ASD')),
                ('imputer',
                 Simple_Imputer(categorical_strategy='not_available',
                                fill_value_categorical=None,
                                fill_value_numerical=None,
                                numeric_strategy='mean',
                                target_variable=None)),
                ('new_levels1',
                 New_Catagorical_Levels_in_TestData(replacement_strategy='least '
                                                                         'frequent',
                                                    t...
                ('binn', 'passthrough'), ('rem_outliers', 'passthrough'),
                ('cluster_all', 'passthrough'),
                ('dummy', Dummify(target='Class/ASD')),
                ('fix_perfect', 'passthrough'),
                ('clean_names', Clean_Colum_Names()),
                ('feature_select', 'passthrough'), ('fix_multi', 'passthrough'),
                ('dfs', 'passthrough'), ('pca', 'passthrough'),
                ['trained_model', DecisionTreeClassifier(random_state=215)]]), probability_threshold=None, encoded_labels=False, raw_score=False, round=4, verbose=True, ml_usecase=MLUsecase.CLASSIFICATION, display=None)
2021-08-01 05:32:19,269:INFO:Checking exceptions
2021-08-01 05:32:19,270:INFO:Preloading libraries
2021-08-01 05:32:19,608:INFO:Initializing predict_model()
2021-08-01 05:32:19,609:INFO:predict_model(estimator=Pipeline(steps=[('dtypes',
                 DataTypes_Auto_infer(ml_usecase='classification',
                                      target='Class/ASD')),
                ('imputer',
                 Simple_Imputer(categorical_strategy='not_available',
                                fill_value_categorical=None,
                                fill_value_numerical=None,
                                numeric_strategy='mean',
                                target_variable=None)),
                ('new_levels1',
                 New_Catagorical_Levels_in_TestData(replacement_strategy='least '
                                                                         'frequent',
                                                    t...
                ('binn', 'passthrough'), ('rem_outliers', 'passthrough'),
                ('cluster_all', 'passthrough'),
                ('dummy', Dummify(target='Class/ASD')),
                ('fix_perfect', 'passthrough'),
                ('clean_names', Clean_Colum_Names()),
                ('feature_select', 'passthrough'), ('fix_multi', 'passthrough'),
                ('dfs', 'passthrough'), ('pca', 'passthrough'),
                ['trained_model', DecisionTreeClassifier(random_state=215)]]), probability_threshold=None, encoded_labels=False, raw_score=False, round=4, verbose=True, ml_usecase=MLUsecase.CLASSIFICATION, display=None)
2021-08-01 05:32:19,610:INFO:Checking exceptions
2021-08-01 05:32:19,610:INFO:Preloading libraries
2021-08-01 05:32:21,278:INFO:Initializing load_model()
2021-08-01 05:32:21,279:INFO:load_model(model_name=autism-Child-2021-7-28, platform=None, authentication=None, verbose=True)
2021-08-01 05:32:21,311:INFO:Initializing predict_model()
2021-08-01 05:32:21,311:INFO:predict_model(estimator=Pipeline(steps=[('dtypes',
                 DataTypes_Auto_infer(ml_usecase='classification',
                                      target='Class/ASD')),
                ('imputer',
                 Simple_Imputer(categorical_strategy='not_available',
                                fill_value_categorical=None,
                                fill_value_numerical=None,
                                numeric_strategy='mean',
                                target_variable=None)),
                ('new_levels1',
                 New_Catagorical_Levels_in_TestData(replacement_strategy='least '
                                                                         'frequent',
                                                    t...
                ('binn', 'passthrough'), ('rem_outliers', 'passthrough'),
                ('cluster_all', 'passthrough'),
                ('dummy', Dummify(target='Class/ASD')),
                ('fix_perfect', 'passthrough'),
                ('clean_names', Clean_Colum_Names()),
                ('feature_select', 'passthrough'), ('fix_multi', 'passthrough'),
                ('dfs', 'passthrough'), ('pca', 'passthrough'),
                ['trained_model', DecisionTreeClassifier(random_state=215)]]), probability_threshold=None, encoded_labels=False, raw_score=False, round=4, verbose=True, ml_usecase=MLUsecase.CLASSIFICATION, display=None)
2021-08-01 05:32:21,312:INFO:Checking exceptions
2021-08-01 05:32:21,312:INFO:Preloading libraries
2021-08-01 05:32:21,603:INFO:Initializing predict_model()
2021-08-01 05:32:21,604:INFO:predict_model(estimator=Pipeline(steps=[('dtypes',
                 DataTypes_Auto_infer(ml_usecase='classification',
                                      target='Class/ASD')),
                ('imputer',
                 Simple_Imputer(categorical_strategy='not_available',
                                fill_value_categorical=None,
                                fill_value_numerical=None,
                                numeric_strategy='mean',
                                target_variable=None)),
                ('new_levels1',
                 New_Catagorical_Levels_in_TestData(replacement_strategy='least '
                                                                         'frequent',
                                                    t...
                ('binn', 'passthrough'), ('rem_outliers', 'passthrough'),
                ('cluster_all', 'passthrough'),
                ('dummy', Dummify(target='Class/ASD')),
                ('fix_perfect', 'passthrough'),
                ('clean_names', Clean_Colum_Names()),
                ('feature_select', 'passthrough'), ('fix_multi', 'passthrough'),
                ('dfs', 'passthrough'), ('pca', 'passthrough'),
                ['trained_model', DecisionTreeClassifier(random_state=215)]]), probability_threshold=None, encoded_labels=False, raw_score=False, round=4, verbose=True, ml_usecase=MLUsecase.CLASSIFICATION, display=None)
2021-08-01 05:32:21,605:INFO:Checking exceptions
2021-08-01 05:32:21,605:INFO:Preloading libraries
2021-08-01 05:32:24,709:INFO:Initializing load_model()
2021-08-01 05:32:24,709:INFO:load_model(model_name=autism-Child-2021-7-28, platform=None, authentication=None, verbose=True)
2021-08-01 05:32:24,743:INFO:Initializing predict_model()
2021-08-01 05:32:24,743:INFO:predict_model(estimator=Pipeline(steps=[('dtypes',
                 DataTypes_Auto_infer(ml_usecase='classification',
                                      target='Class/ASD')),
                ('imputer',
                 Simple_Imputer(categorical_strategy='not_available',
                                fill_value_categorical=None,
                                fill_value_numerical=None,
                                numeric_strategy='mean',
                                target_variable=None)),
                ('new_levels1',
                 New_Catagorical_Levels_in_TestData(replacement_strategy='least '
                                                                         'frequent',
                                                    t...
                ('binn', 'passthrough'), ('rem_outliers', 'passthrough'),
                ('cluster_all', 'passthrough'),
                ('dummy', Dummify(target='Class/ASD')),
                ('fix_perfect', 'passthrough'),
                ('clean_names', Clean_Colum_Names()),
                ('feature_select', 'passthrough'), ('fix_multi', 'passthrough'),
                ('dfs', 'passthrough'), ('pca', 'passthrough'),
                ['trained_model', DecisionTreeClassifier(random_state=215)]]), probability_threshold=None, encoded_labels=False, raw_score=False, round=4, verbose=True, ml_usecase=MLUsecase.CLASSIFICATION, display=None)
2021-08-01 05:32:24,744:INFO:Checking exceptions
2021-08-01 05:32:24,744:INFO:Preloading libraries
2021-08-01 05:32:25,017:INFO:Initializing predict_model()
2021-08-01 05:32:25,017:INFO:predict_model(estimator=Pipeline(steps=[('dtypes',
                 DataTypes_Auto_infer(ml_usecase='classification',
                                      target='Class/ASD')),
                ('imputer',
                 Simple_Imputer(categorical_strategy='not_available',
                                fill_value_categorical=None,
                                fill_value_numerical=None,
                                numeric_strategy='mean',
                                target_variable=None)),
                ('new_levels1',
                 New_Catagorical_Levels_in_TestData(replacement_strategy='least '
                                                                         'frequent',
                                                    t...
                ('binn', 'passthrough'), ('rem_outliers', 'passthrough'),
                ('cluster_all', 'passthrough'),
                ('dummy', Dummify(target='Class/ASD')),
                ('fix_perfect', 'passthrough'),
                ('clean_names', Clean_Colum_Names()),
                ('feature_select', 'passthrough'), ('fix_multi', 'passthrough'),
                ('dfs', 'passthrough'), ('pca', 'passthrough'),
                ['trained_model', DecisionTreeClassifier(random_state=215)]]), probability_threshold=None, encoded_labels=False, raw_score=False, round=4, verbose=True, ml_usecase=MLUsecase.CLASSIFICATION, display=None)
2021-08-01 05:32:25,018:INFO:Checking exceptions
2021-08-01 05:32:25,018:INFO:Preloading libraries
2021-08-01 05:32:38,773:INFO:Initializing load_model()
2021-08-01 05:32:38,774:INFO:load_model(model_name=autism-Child-2021-7-28, platform=None, authentication=None, verbose=True)
2021-08-01 05:32:38,808:INFO:Initializing predict_model()
2021-08-01 05:32:38,811:INFO:predict_model(estimator=Pipeline(steps=[('dtypes',
                 DataTypes_Auto_infer(ml_usecase='classification',
                                      target='Class/ASD')),
                ('imputer',
                 Simple_Imputer(categorical_strategy='not_available',
                                fill_value_categorical=None,
                                fill_value_numerical=None,
                                numeric_strategy='mean',
                                target_variable=None)),
                ('new_levels1',
                 New_Catagorical_Levels_in_TestData(replacement_strategy='least '
                                                                         'frequent',
                                                    t...
                ('binn', 'passthrough'), ('rem_outliers', 'passthrough'),
                ('cluster_all', 'passthrough'),
                ('dummy', Dummify(target='Class/ASD')),
                ('fix_perfect', 'passthrough'),
                ('clean_names', Clean_Colum_Names()),
                ('feature_select', 'passthrough'), ('fix_multi', 'passthrough'),
                ('dfs', 'passthrough'), ('pca', 'passthrough'),
                ['trained_model', DecisionTreeClassifier(random_state=215)]]), probability_threshold=None, encoded_labels=False, raw_score=False, round=4, verbose=True, ml_usecase=MLUsecase.CLASSIFICATION, display=None)
2021-08-01 05:32:38,813:INFO:Checking exceptions
2021-08-01 05:32:38,818:INFO:Preloading libraries
2021-08-01 05:32:39,190:INFO:Initializing predict_model()
2021-08-01 05:32:39,190:INFO:predict_model(estimator=Pipeline(steps=[('dtypes',
                 DataTypes_Auto_infer(ml_usecase='classification',
                                      target='Class/ASD')),
                ('imputer',
                 Simple_Imputer(categorical_strategy='not_available',
                                fill_value_categorical=None,
                                fill_value_numerical=None,
                                numeric_strategy='mean',
                                target_variable=None)),
                ('new_levels1',
                 New_Catagorical_Levels_in_TestData(replacement_strategy='least '
                                                                         'frequent',
                                                    t...
                ('binn', 'passthrough'), ('rem_outliers', 'passthrough'),
                ('cluster_all', 'passthrough'),
                ('dummy', Dummify(target='Class/ASD')),
                ('fix_perfect', 'passthrough'),
                ('clean_names', Clean_Colum_Names()),
                ('feature_select', 'passthrough'), ('fix_multi', 'passthrough'),
                ('dfs', 'passthrough'), ('pca', 'passthrough'),
                ['trained_model', DecisionTreeClassifier(random_state=215)]]), probability_threshold=None, encoded_labels=False, raw_score=False, round=4, verbose=True, ml_usecase=MLUsecase.CLASSIFICATION, display=None)
2021-08-01 05:32:39,192:INFO:Checking exceptions
2021-08-01 05:32:39,193:INFO:Preloading libraries
2021-08-01 05:37:21,749:INFO:Initializing load_model()
2021-08-01 05:37:21,750:INFO:load_model(model_name=autism-Toddler2021-7-28, platform=None, authentication=None, verbose=True)
2021-08-01 05:37:21,799:INFO:Initializing predict_model()
2021-08-01 05:37:21,800:INFO:predict_model(estimator=Pipeline(steps=[('dtypes',
                 DataTypes_Auto_infer(ml_usecase='classification',
                                      target='Class/ASD')),
                ('imputer',
                 Simple_Imputer(categorical_strategy='not_available',
                                fill_value_categorical=None,
                                fill_value_numerical=None,
                                numeric_strategy='mean',
                                target_variable=None)),
                ('new_levels1',
                 New_Catagorical_Levels_in_TestData(replacement_strategy='least '
                                                                         'frequent',
                                                    t...
                ('binn', 'passthrough'), ('rem_outliers', 'passthrough'),
                ('cluster_all', 'passthrough'),
                ('dummy', Dummify(target='Class/ASD')),
                ('fix_perfect', 'passthrough'),
                ('clean_names', Clean_Colum_Names()),
                ('feature_select', 'passthrough'), ('fix_multi', 'passthrough'),
                ('dfs', 'passthrough'), ('pca', 'passthrough'),
                ['trained_model', DecisionTreeClassifier(random_state=6769)]]), probability_threshold=None, encoded_labels=False, raw_score=False, round=4, verbose=True, ml_usecase=MLUsecase.CLASSIFICATION, display=None)
2021-08-01 05:37:21,813:INFO:Checking exceptions
2021-08-01 05:37:21,813:INFO:Preloading libraries
2021-08-01 05:37:24,778:INFO:Initializing load_model()
2021-08-01 05:37:24,779:INFO:load_model(model_name=autism-Child-2021-7-28, platform=None, authentication=None, verbose=True)
2021-08-01 05:37:24,812:INFO:Initializing predict_model()
2021-08-01 05:37:24,813:INFO:predict_model(estimator=Pipeline(steps=[('dtypes',
                 DataTypes_Auto_infer(ml_usecase='classification',
                                      target='Class/ASD')),
                ('imputer',
                 Simple_Imputer(categorical_strategy='not_available',
                                fill_value_categorical=None,
                                fill_value_numerical=None,
                                numeric_strategy='mean',
                                target_variable=None)),
                ('new_levels1',
                 New_Catagorical_Levels_in_TestData(replacement_strategy='least '
                                                                         'frequent',
                                                    t...
                ('binn', 'passthrough'), ('rem_outliers', 'passthrough'),
                ('cluster_all', 'passthrough'),
                ('dummy', Dummify(target='Class/ASD')),
                ('fix_perfect', 'passthrough'),
                ('clean_names', Clean_Colum_Names()),
                ('feature_select', 'passthrough'), ('fix_multi', 'passthrough'),
                ('dfs', 'passthrough'), ('pca', 'passthrough'),
                ['trained_model', DecisionTreeClassifier(random_state=215)]]), probability_threshold=None, encoded_labels=False, raw_score=False, round=4, verbose=True, ml_usecase=MLUsecase.CLASSIFICATION, display=None)
2021-08-01 05:37:24,814:INFO:Checking exceptions
2021-08-01 05:37:24,815:INFO:Preloading libraries
2021-08-01 05:37:28,261:INFO:Initializing load_model()
2021-08-01 05:37:28,264:INFO:load_model(model_name=autism-Child-2021-7-28, platform=None, authentication=None, verbose=True)
2021-08-01 05:37:28,310:INFO:Initializing predict_model()
2021-08-01 05:37:28,312:INFO:predict_model(estimator=Pipeline(steps=[('dtypes',
                 DataTypes_Auto_infer(ml_usecase='classification',
                                      target='Class/ASD')),
                ('imputer',
                 Simple_Imputer(categorical_strategy='not_available',
                                fill_value_categorical=None,
                                fill_value_numerical=None,
                                numeric_strategy='mean',
                                target_variable=None)),
                ('new_levels1',
                 New_Catagorical_Levels_in_TestData(replacement_strategy='least '
                                                                         'frequent',
                                                    t...
                ('binn', 'passthrough'), ('rem_outliers', 'passthrough'),
                ('cluster_all', 'passthrough'),
                ('dummy', Dummify(target='Class/ASD')),
                ('fix_perfect', 'passthrough'),
                ('clean_names', Clean_Colum_Names()),
                ('feature_select', 'passthrough'), ('fix_multi', 'passthrough'),
                ('dfs', 'passthrough'), ('pca', 'passthrough'),
                ['trained_model', DecisionTreeClassifier(random_state=215)]]), probability_threshold=None, encoded_labels=False, raw_score=False, round=4, verbose=True, ml_usecase=MLUsecase.CLASSIFICATION, display=None)
2021-08-01 05:37:28,314:INFO:Checking exceptions
2021-08-01 05:37:28,314:INFO:Preloading libraries
2021-08-01 05:37:28,659:INFO:Initializing predict_model()
2021-08-01 05:37:28,659:INFO:predict_model(estimator=Pipeline(steps=[('dtypes',
                 DataTypes_Auto_infer(ml_usecase='classification',
                                      target='Class/ASD')),
                ('imputer',
                 Simple_Imputer(categorical_strategy='not_available',
                                fill_value_categorical=None,
                                fill_value_numerical=None,
                                numeric_strategy='mean',
                                target_variable=None)),
                ('new_levels1',
                 New_Catagorical_Levels_in_TestData(replacement_strategy='least '
                                                                         'frequent',
                                                    t...
                ('binn', 'passthrough'), ('rem_outliers', 'passthrough'),
                ('cluster_all', 'passthrough'),
                ('dummy', Dummify(target='Class/ASD')),
                ('fix_perfect', 'passthrough'),
                ('clean_names', Clean_Colum_Names()),
                ('feature_select', 'passthrough'), ('fix_multi', 'passthrough'),
                ('dfs', 'passthrough'), ('pca', 'passthrough'),
                ['trained_model', DecisionTreeClassifier(random_state=215)]]), probability_threshold=None, encoded_labels=False, raw_score=False, round=4, verbose=True, ml_usecase=MLUsecase.CLASSIFICATION, display=None)
2021-08-01 05:37:28,660:INFO:Checking exceptions
2021-08-01 05:37:28,661:INFO:Preloading libraries
2021-08-01 05:37:36,539:INFO:Initializing load_model()
2021-08-01 05:37:36,543:INFO:load_model(model_name=autism-Child-2021-7-28, platform=None, authentication=None, verbose=True)
2021-08-01 05:37:36,580:INFO:Initializing predict_model()
2021-08-01 05:37:36,582:INFO:predict_model(estimator=Pipeline(steps=[('dtypes',
                 DataTypes_Auto_infer(ml_usecase='classification',
                                      target='Class/ASD')),
                ('imputer',
                 Simple_Imputer(categorical_strategy='not_available',
                                fill_value_categorical=None,
                                fill_value_numerical=None,
                                numeric_strategy='mean',
                                target_variable=None)),
                ('new_levels1',
                 New_Catagorical_Levels_in_TestData(replacement_strategy='least '
                                                                         'frequent',
                                                    t...
                ('binn', 'passthrough'), ('rem_outliers', 'passthrough'),
                ('cluster_all', 'passthrough'),
                ('dummy', Dummify(target='Class/ASD')),
                ('fix_perfect', 'passthrough'),
                ('clean_names', Clean_Colum_Names()),
                ('feature_select', 'passthrough'), ('fix_multi', 'passthrough'),
                ('dfs', 'passthrough'), ('pca', 'passthrough'),
                ['trained_model', DecisionTreeClassifier(random_state=215)]]), probability_threshold=None, encoded_labels=False, raw_score=False, round=4, verbose=True, ml_usecase=MLUsecase.CLASSIFICATION, display=None)
2021-08-01 05:37:36,583:INFO:Checking exceptions
2021-08-01 05:37:36,583:INFO:Preloading libraries
2021-08-01 05:37:38,647:INFO:Initializing load_model()
2021-08-01 05:37:38,647:INFO:load_model(model_name=autism-Child-2021-7-28, platform=None, authentication=None, verbose=True)
2021-08-01 05:37:38,689:INFO:Initializing predict_model()
2021-08-01 05:37:38,695:INFO:predict_model(estimator=Pipeline(steps=[('dtypes',
                 DataTypes_Auto_infer(ml_usecase='classification',
                                      target='Class/ASD')),
                ('imputer',
                 Simple_Imputer(categorical_strategy='not_available',
                                fill_value_categorical=None,
                                fill_value_numerical=None,
                                numeric_strategy='mean',
                                target_variable=None)),
                ('new_levels1',
                 New_Catagorical_Levels_in_TestData(replacement_strategy='least '
                                                                         'frequent',
                                                    t...
                ('binn', 'passthrough'), ('rem_outliers', 'passthrough'),
                ('cluster_all', 'passthrough'),
                ('dummy', Dummify(target='Class/ASD')),
                ('fix_perfect', 'passthrough'),
                ('clean_names', Clean_Colum_Names()),
                ('feature_select', 'passthrough'), ('fix_multi', 'passthrough'),
                ('dfs', 'passthrough'), ('pca', 'passthrough'),
                ['trained_model', DecisionTreeClassifier(random_state=215)]]), probability_threshold=None, encoded_labels=False, raw_score=False, round=4, verbose=True, ml_usecase=MLUsecase.CLASSIFICATION, display=None)
2021-08-01 05:37:38,697:INFO:Checking exceptions
2021-08-01 05:37:38,698:INFO:Preloading libraries
2021-08-01 05:37:41,954:INFO:Initializing load_model()
2021-08-01 05:37:41,954:INFO:load_model(model_name=autism-Child-2021-7-28, platform=None, authentication=None, verbose=True)
2021-08-01 05:37:41,984:INFO:Initializing predict_model()
2021-08-01 05:37:41,987:INFO:predict_model(estimator=Pipeline(steps=[('dtypes',
                 DataTypes_Auto_infer(ml_usecase='classification',
                                      target='Class/ASD')),
                ('imputer',
                 Simple_Imputer(categorical_strategy='not_available',
                                fill_value_categorical=None,
                                fill_value_numerical=None,
                                numeric_strategy='mean',
                                target_variable=None)),
                ('new_levels1',
                 New_Catagorical_Levels_in_TestData(replacement_strategy='least '
                                                                         'frequent',
                                                    t...
                ('binn', 'passthrough'), ('rem_outliers', 'passthrough'),
                ('cluster_all', 'passthrough'),
                ('dummy', Dummify(target='Class/ASD')),
                ('fix_perfect', 'passthrough'),
                ('clean_names', Clean_Colum_Names()),
                ('feature_select', 'passthrough'), ('fix_multi', 'passthrough'),
                ('dfs', 'passthrough'), ('pca', 'passthrough'),
                ['trained_model', DecisionTreeClassifier(random_state=215)]]), probability_threshold=None, encoded_labels=False, raw_score=False, round=4, verbose=True, ml_usecase=MLUsecase.CLASSIFICATION, display=None)
2021-08-01 05:37:41,988:INFO:Checking exceptions
2021-08-01 05:37:41,988:INFO:Preloading libraries
2021-08-01 05:37:42,248:INFO:Initializing predict_model()
2021-08-01 05:37:42,248:INFO:predict_model(estimator=Pipeline(steps=[('dtypes',
                 DataTypes_Auto_infer(ml_usecase='classification',
                                      target='Class/ASD')),
                ('imputer',
                 Simple_Imputer(categorical_strategy='not_available',
                                fill_value_categorical=None,
                                fill_value_numerical=None,
                                numeric_strategy='mean',
                                target_variable=None)),
                ('new_levels1',
                 New_Catagorical_Levels_in_TestData(replacement_strategy='least '
                                                                         'frequent',
                                                    t...
                ('binn', 'passthrough'), ('rem_outliers', 'passthrough'),
                ('cluster_all', 'passthrough'),
                ('dummy', Dummify(target='Class/ASD')),
                ('fix_perfect', 'passthrough'),
                ('clean_names', Clean_Colum_Names()),
                ('feature_select', 'passthrough'), ('fix_multi', 'passthrough'),
                ('dfs', 'passthrough'), ('pca', 'passthrough'),
                ['trained_model', DecisionTreeClassifier(random_state=215)]]), probability_threshold=None, encoded_labels=False, raw_score=False, round=4, verbose=True, ml_usecase=MLUsecase.CLASSIFICATION, display=None)
2021-08-01 05:37:42,249:INFO:Checking exceptions
2021-08-01 05:37:42,250:INFO:Preloading libraries
2021-08-01 05:37:49,491:INFO:Initializing load_model()
2021-08-01 05:37:49,492:INFO:load_model(model_name=autism-Child-2021-7-28, platform=None, authentication=None, verbose=True)
2021-08-01 05:37:49,531:INFO:Initializing predict_model()
2021-08-01 05:37:49,531:INFO:predict_model(estimator=Pipeline(steps=[('dtypes',
                 DataTypes_Auto_infer(ml_usecase='classification',
                                      target='Class/ASD')),
                ('imputer',
                 Simple_Imputer(categorical_strategy='not_available',
                                fill_value_categorical=None,
                                fill_value_numerical=None,
                                numeric_strategy='mean',
                                target_variable=None)),
                ('new_levels1',
                 New_Catagorical_Levels_in_TestData(replacement_strategy='least '
                                                                         'frequent',
                                                    t...
                ('binn', 'passthrough'), ('rem_outliers', 'passthrough'),
                ('cluster_all', 'passthrough'),
                ('dummy', Dummify(target='Class/ASD')),
                ('fix_perfect', 'passthrough'),
                ('clean_names', Clean_Colum_Names()),
                ('feature_select', 'passthrough'), ('fix_multi', 'passthrough'),
                ('dfs', 'passthrough'), ('pca', 'passthrough'),
                ['trained_model', DecisionTreeClassifier(random_state=215)]]), probability_threshold=None, encoded_labels=False, raw_score=False, round=4, verbose=True, ml_usecase=MLUsecase.CLASSIFICATION, display=None)
2021-08-01 05:37:49,533:INFO:Checking exceptions
2021-08-01 05:37:49,533:INFO:Preloading libraries
2021-08-01 05:37:51,596:INFO:Initializing load_model()
2021-08-01 05:37:51,596:INFO:load_model(model_name=autism-Child-2021-7-28, platform=None, authentication=None, verbose=True)
2021-08-01 05:37:51,642:INFO:Initializing predict_model()
2021-08-01 05:37:51,643:INFO:predict_model(estimator=Pipeline(steps=[('dtypes',
                 DataTypes_Auto_infer(ml_usecase='classification',
                                      target='Class/ASD')),
                ('imputer',
                 Simple_Imputer(categorical_strategy='not_available',
                                fill_value_categorical=None,
                                fill_value_numerical=None,
                                numeric_strategy='mean',
                                target_variable=None)),
                ('new_levels1',
                 New_Catagorical_Levels_in_TestData(replacement_strategy='least '
                                                                         'frequent',
                                                    t...
                ('binn', 'passthrough'), ('rem_outliers', 'passthrough'),
                ('cluster_all', 'passthrough'),
                ('dummy', Dummify(target='Class/ASD')),
                ('fix_perfect', 'passthrough'),
                ('clean_names', Clean_Colum_Names()),
                ('feature_select', 'passthrough'), ('fix_multi', 'passthrough'),
                ('dfs', 'passthrough'), ('pca', 'passthrough'),
                ['trained_model', DecisionTreeClassifier(random_state=215)]]), probability_threshold=None, encoded_labels=False, raw_score=False, round=4, verbose=True, ml_usecase=MLUsecase.CLASSIFICATION, display=None)
2021-08-01 05:37:51,644:INFO:Checking exceptions
2021-08-01 05:37:51,644:INFO:Preloading libraries
2021-08-01 05:37:53,663:INFO:Initializing load_model()
2021-08-01 05:37:53,665:INFO:load_model(model_name=autism-Child-2021-7-28, platform=None, authentication=None, verbose=True)
2021-08-01 05:37:53,693:INFO:Initializing predict_model()
2021-08-01 05:37:53,694:INFO:predict_model(estimator=Pipeline(steps=[('dtypes',
                 DataTypes_Auto_infer(ml_usecase='classification',
                                      target='Class/ASD')),
                ('imputer',
                 Simple_Imputer(categorical_strategy='not_available',
                                fill_value_categorical=None,
                                fill_value_numerical=None,
                                numeric_strategy='mean',
                                target_variable=None)),
                ('new_levels1',
                 New_Catagorical_Levels_in_TestData(replacement_strategy='least '
                                                                         'frequent',
                                                    t...
                ('binn', 'passthrough'), ('rem_outliers', 'passthrough'),
                ('cluster_all', 'passthrough'),
                ('dummy', Dummify(target='Class/ASD')),
                ('fix_perfect', 'passthrough'),
                ('clean_names', Clean_Colum_Names()),
                ('feature_select', 'passthrough'), ('fix_multi', 'passthrough'),
                ('dfs', 'passthrough'), ('pca', 'passthrough'),
                ['trained_model', DecisionTreeClassifier(random_state=215)]]), probability_threshold=None, encoded_labels=False, raw_score=False, round=4, verbose=True, ml_usecase=MLUsecase.CLASSIFICATION, display=None)
2021-08-01 05:37:53,695:INFO:Checking exceptions
2021-08-01 05:37:53,696:INFO:Preloading libraries
2021-08-01 05:37:56,940:INFO:Initializing load_model()
2021-08-01 05:37:56,940:INFO:load_model(model_name=autism-Child-2021-7-28, platform=None, authentication=None, verbose=True)
2021-08-01 05:37:56,974:INFO:Initializing predict_model()
2021-08-01 05:37:56,976:INFO:predict_model(estimator=Pipeline(steps=[('dtypes',
                 DataTypes_Auto_infer(ml_usecase='classification',
                                      target='Class/ASD')),
                ('imputer',
                 Simple_Imputer(categorical_strategy='not_available',
                                fill_value_categorical=None,
                                fill_value_numerical=None,
                                numeric_strategy='mean',
                                target_variable=None)),
                ('new_levels1',
                 New_Catagorical_Levels_in_TestData(replacement_strategy='least '
                                                                         'frequent',
                                                    t...
                ('binn', 'passthrough'), ('rem_outliers', 'passthrough'),
                ('cluster_all', 'passthrough'),
                ('dummy', Dummify(target='Class/ASD')),
                ('fix_perfect', 'passthrough'),
                ('clean_names', Clean_Colum_Names()),
                ('feature_select', 'passthrough'), ('fix_multi', 'passthrough'),
                ('dfs', 'passthrough'), ('pca', 'passthrough'),
                ['trained_model', DecisionTreeClassifier(random_state=215)]]), probability_threshold=None, encoded_labels=False, raw_score=False, round=4, verbose=True, ml_usecase=MLUsecase.CLASSIFICATION, display=None)
2021-08-01 05:37:56,977:INFO:Checking exceptions
2021-08-01 05:37:56,978:INFO:Preloading libraries
2021-08-01 05:37:58,605:INFO:Initializing load_model()
2021-08-01 05:37:58,606:INFO:load_model(model_name=autism-Child-2021-7-28, platform=None, authentication=None, verbose=True)
2021-08-01 05:37:58,639:INFO:Initializing predict_model()
2021-08-01 05:37:58,640:INFO:predict_model(estimator=Pipeline(steps=[('dtypes',
                 DataTypes_Auto_infer(ml_usecase='classification',
                                      target='Class/ASD')),
                ('imputer',
                 Simple_Imputer(categorical_strategy='not_available',
                                fill_value_categorical=None,
                                fill_value_numerical=None,
                                numeric_strategy='mean',
                                target_variable=None)),
                ('new_levels1',
                 New_Catagorical_Levels_in_TestData(replacement_strategy='least '
                                                                         'frequent',
                                                    t...
                ('binn', 'passthrough'), ('rem_outliers', 'passthrough'),
                ('cluster_all', 'passthrough'),
                ('dummy', Dummify(target='Class/ASD')),
                ('fix_perfect', 'passthrough'),
                ('clean_names', Clean_Colum_Names()),
                ('feature_select', 'passthrough'), ('fix_multi', 'passthrough'),
                ('dfs', 'passthrough'), ('pca', 'passthrough'),
                ['trained_model', DecisionTreeClassifier(random_state=215)]]), probability_threshold=None, encoded_labels=False, raw_score=False, round=4, verbose=True, ml_usecase=MLUsecase.CLASSIFICATION, display=None)
2021-08-01 05:37:58,640:INFO:Checking exceptions
2021-08-01 05:37:58,641:INFO:Preloading libraries
2021-08-01 05:37:58,958:INFO:Initializing predict_model()
2021-08-01 05:37:58,958:INFO:predict_model(estimator=Pipeline(steps=[('dtypes',
                 DataTypes_Auto_infer(ml_usecase='classification',
                                      target='Class/ASD')),
                ('imputer',
                 Simple_Imputer(categorical_strategy='not_available',
                                fill_value_categorical=None,
                                fill_value_numerical=None,
                                numeric_strategy='mean',
                                target_variable=None)),
                ('new_levels1',
                 New_Catagorical_Levels_in_TestData(replacement_strategy='least '
                                                                         'frequent',
                                                    t...
                ('binn', 'passthrough'), ('rem_outliers', 'passthrough'),
                ('cluster_all', 'passthrough'),
                ('dummy', Dummify(target='Class/ASD')),
                ('fix_perfect', 'passthrough'),
                ('clean_names', Clean_Colum_Names()),
                ('feature_select', 'passthrough'), ('fix_multi', 'passthrough'),
                ('dfs', 'passthrough'), ('pca', 'passthrough'),
                ['trained_model', DecisionTreeClassifier(random_state=215)]]), probability_threshold=None, encoded_labels=False, raw_score=False, round=4, verbose=True, ml_usecase=MLUsecase.CLASSIFICATION, display=None)
2021-08-01 05:37:58,959:INFO:Checking exceptions
2021-08-01 05:37:58,959:INFO:Preloading libraries
2021-08-01 05:42:38,686:INFO:Initializing load_model()
2021-08-01 05:42:38,691:INFO:load_model(model_name=autism-Toddler2021-7-28, platform=None, authentication=None, verbose=True)
2021-08-01 05:42:38,755:INFO:Initializing predict_model()
2021-08-01 05:42:38,756:INFO:predict_model(estimator=Pipeline(steps=[('dtypes',
                 DataTypes_Auto_infer(ml_usecase='classification',
                                      target='Class/ASD')),
                ('imputer',
                 Simple_Imputer(categorical_strategy='not_available',
                                fill_value_categorical=None,
                                fill_value_numerical=None,
                                numeric_strategy='mean',
                                target_variable=None)),
                ('new_levels1',
                 New_Catagorical_Levels_in_TestData(replacement_strategy='least '
                                                                         'frequent',
                                                    t...
                ('binn', 'passthrough'), ('rem_outliers', 'passthrough'),
                ('cluster_all', 'passthrough'),
                ('dummy', Dummify(target='Class/ASD')),
                ('fix_perfect', 'passthrough'),
                ('clean_names', Clean_Colum_Names()),
                ('feature_select', 'passthrough'), ('fix_multi', 'passthrough'),
                ('dfs', 'passthrough'), ('pca', 'passthrough'),
                ['trained_model', DecisionTreeClassifier(random_state=6769)]]), probability_threshold=None, encoded_labels=False, raw_score=False, round=4, verbose=True, ml_usecase=MLUsecase.CLASSIFICATION, display=None)
2021-08-01 05:42:38,758:INFO:Checking exceptions
2021-08-01 05:42:38,758:INFO:Preloading libraries
2021-08-01 05:42:41,669:INFO:Initializing load_model()
2021-08-01 05:42:41,670:INFO:load_model(model_name=autism-Toddler2021-7-28, platform=None, authentication=None, verbose=True)
2021-08-01 05:42:41,710:INFO:Initializing predict_model()
2021-08-01 05:42:41,711:INFO:predict_model(estimator=Pipeline(steps=[('dtypes',
                 DataTypes_Auto_infer(ml_usecase='classification',
                                      target='Class/ASD')),
                ('imputer',
                 Simple_Imputer(categorical_strategy='not_available',
                                fill_value_categorical=None,
                                fill_value_numerical=None,
                                numeric_strategy='mean',
                                target_variable=None)),
                ('new_levels1',
                 New_Catagorical_Levels_in_TestData(replacement_strategy='least '
                                                                         'frequent',
                                                    t...
                ('binn', 'passthrough'), ('rem_outliers', 'passthrough'),
                ('cluster_all', 'passthrough'),
                ('dummy', Dummify(target='Class/ASD')),
                ('fix_perfect', 'passthrough'),
                ('clean_names', Clean_Colum_Names()),
                ('feature_select', 'passthrough'), ('fix_multi', 'passthrough'),
                ('dfs', 'passthrough'), ('pca', 'passthrough'),
                ['trained_model', DecisionTreeClassifier(random_state=6769)]]), probability_threshold=None, encoded_labels=False, raw_score=False, round=4, verbose=True, ml_usecase=MLUsecase.CLASSIFICATION, display=None)
2021-08-01 05:42:41,712:INFO:Checking exceptions
2021-08-01 05:42:41,713:INFO:Preloading libraries
2021-08-01 05:42:43,455:INFO:Initializing load_model()
2021-08-01 05:42:43,456:INFO:load_model(model_name=autism-Toddler2021-7-28, platform=None, authentication=None, verbose=True)
2021-08-01 05:42:43,501:INFO:Initializing predict_model()
2021-08-01 05:42:43,508:INFO:predict_model(estimator=Pipeline(steps=[('dtypes',
                 DataTypes_Auto_infer(ml_usecase='classification',
                                      target='Class/ASD')),
                ('imputer',
                 Simple_Imputer(categorical_strategy='not_available',
                                fill_value_categorical=None,
                                fill_value_numerical=None,
                                numeric_strategy='mean',
                                target_variable=None)),
                ('new_levels1',
                 New_Catagorical_Levels_in_TestData(replacement_strategy='least '
                                                                         'frequent',
                                                    t...
                ('binn', 'passthrough'), ('rem_outliers', 'passthrough'),
                ('cluster_all', 'passthrough'),
                ('dummy', Dummify(target='Class/ASD')),
                ('fix_perfect', 'passthrough'),
                ('clean_names', Clean_Colum_Names()),
                ('feature_select', 'passthrough'), ('fix_multi', 'passthrough'),
                ('dfs', 'passthrough'), ('pca', 'passthrough'),
                ['trained_model', DecisionTreeClassifier(random_state=6769)]]), probability_threshold=None, encoded_labels=False, raw_score=False, round=4, verbose=True, ml_usecase=MLUsecase.CLASSIFICATION, display=None)
2021-08-01 05:42:43,510:INFO:Checking exceptions
2021-08-01 05:42:43,512:INFO:Preloading libraries
2021-08-01 05:42:52,097:INFO:Initializing load_model()
2021-08-01 05:42:52,097:INFO:load_model(model_name=autism-Toddler2021-7-28, platform=None, authentication=None, verbose=True)
2021-08-01 05:42:52,133:INFO:Initializing predict_model()
2021-08-01 05:42:52,135:INFO:predict_model(estimator=Pipeline(steps=[('dtypes',
                 DataTypes_Auto_infer(ml_usecase='classification',
                                      target='Class/ASD')),
                ('imputer',
                 Simple_Imputer(categorical_strategy='not_available',
                                fill_value_categorical=None,
                                fill_value_numerical=None,
                                numeric_strategy='mean',
                                target_variable=None)),
                ('new_levels1',
                 New_Catagorical_Levels_in_TestData(replacement_strategy='least '
                                                                         'frequent',
                                                    t...
                ('binn', 'passthrough'), ('rem_outliers', 'passthrough'),
                ('cluster_all', 'passthrough'),
                ('dummy', Dummify(target='Class/ASD')),
                ('fix_perfect', 'passthrough'),
                ('clean_names', Clean_Colum_Names()),
                ('feature_select', 'passthrough'), ('fix_multi', 'passthrough'),
                ('dfs', 'passthrough'), ('pca', 'passthrough'),
                ['trained_model', DecisionTreeClassifier(random_state=6769)]]), probability_threshold=None, encoded_labels=False, raw_score=False, round=4, verbose=True, ml_usecase=MLUsecase.CLASSIFICATION, display=None)
2021-08-01 05:42:52,137:INFO:Checking exceptions
2021-08-01 05:42:52,138:INFO:Preloading libraries
2021-08-01 05:42:56,599:INFO:Initializing load_model()
2021-08-01 05:42:56,602:INFO:load_model(model_name=autism-Toddler2021-7-28, platform=None, authentication=None, verbose=True)
2021-08-01 05:42:56,638:INFO:Initializing predict_model()
2021-08-01 05:42:56,639:INFO:predict_model(estimator=Pipeline(steps=[('dtypes',
                 DataTypes_Auto_infer(ml_usecase='classification',
                                      target='Class/ASD')),
                ('imputer',
                 Simple_Imputer(categorical_strategy='not_available',
                                fill_value_categorical=None,
                                fill_value_numerical=None,
                                numeric_strategy='mean',
                                target_variable=None)),
                ('new_levels1',
                 New_Catagorical_Levels_in_TestData(replacement_strategy='least '
                                                                         'frequent',
                                                    t...
                ('binn', 'passthrough'), ('rem_outliers', 'passthrough'),
                ('cluster_all', 'passthrough'),
                ('dummy', Dummify(target='Class/ASD')),
                ('fix_perfect', 'passthrough'),
                ('clean_names', Clean_Colum_Names()),
                ('feature_select', 'passthrough'), ('fix_multi', 'passthrough'),
                ('dfs', 'passthrough'), ('pca', 'passthrough'),
                ['trained_model', DecisionTreeClassifier(random_state=6769)]]), probability_threshold=None, encoded_labels=False, raw_score=False, round=4, verbose=True, ml_usecase=MLUsecase.CLASSIFICATION, display=None)
2021-08-01 05:42:56,640:INFO:Checking exceptions
2021-08-01 05:42:56,641:INFO:Preloading libraries
2021-08-01 05:43:01,526:INFO:Initializing load_model()
2021-08-01 05:43:01,528:INFO:load_model(model_name=autism-Toddler2021-7-28, platform=None, authentication=None, verbose=True)
2021-08-01 05:43:01,562:INFO:Initializing predict_model()
2021-08-01 05:43:01,563:INFO:predict_model(estimator=Pipeline(steps=[('dtypes',
                 DataTypes_Auto_infer(ml_usecase='classification',
                                      target='Class/ASD')),
                ('imputer',
                 Simple_Imputer(categorical_strategy='not_available',
                                fill_value_categorical=None,
                                fill_value_numerical=None,
                                numeric_strategy='mean',
                                target_variable=None)),
                ('new_levels1',
                 New_Catagorical_Levels_in_TestData(replacement_strategy='least '
                                                                         'frequent',
                                                    t...
                ('binn', 'passthrough'), ('rem_outliers', 'passthrough'),
                ('cluster_all', 'passthrough'),
                ('dummy', Dummify(target='Class/ASD')),
                ('fix_perfect', 'passthrough'),
                ('clean_names', Clean_Colum_Names()),
                ('feature_select', 'passthrough'), ('fix_multi', 'passthrough'),
                ('dfs', 'passthrough'), ('pca', 'passthrough'),
                ['trained_model', DecisionTreeClassifier(random_state=6769)]]), probability_threshold=None, encoded_labels=False, raw_score=False, round=4, verbose=True, ml_usecase=MLUsecase.CLASSIFICATION, display=None)
2021-08-01 05:43:01,566:INFO:Checking exceptions
2021-08-01 05:43:01,567:INFO:Preloading libraries
2021-08-01 05:46:54,888:INFO:Initializing load_model()
2021-08-01 05:46:54,891:INFO:load_model(model_name=autism-Toddler2021-7-28, platform=None, authentication=None, verbose=True)
2021-08-01 05:46:54,958:INFO:Initializing predict_model()
2021-08-01 05:46:54,968:INFO:predict_model(estimator=Pipeline(steps=[('dtypes',
                 DataTypes_Auto_infer(ml_usecase='classification',
                                      target='Class/ASD')),
                ('imputer',
                 Simple_Imputer(categorical_strategy='not_available',
                                fill_value_categorical=None,
                                fill_value_numerical=None,
                                numeric_strategy='mean',
                                target_variable=None)),
                ('new_levels1',
                 New_Catagorical_Levels_in_TestData(replacement_strategy='least '
                                                                         'frequent',
                                                    t...
                ('binn', 'passthrough'), ('rem_outliers', 'passthrough'),
                ('cluster_all', 'passthrough'),
                ('dummy', Dummify(target='Class/ASD')),
                ('fix_perfect', 'passthrough'),
                ('clean_names', Clean_Colum_Names()),
                ('feature_select', 'passthrough'), ('fix_multi', 'passthrough'),
                ('dfs', 'passthrough'), ('pca', 'passthrough'),
                ['trained_model', DecisionTreeClassifier(random_state=6769)]]), probability_threshold=None, encoded_labels=False, raw_score=False, round=4, verbose=True, ml_usecase=MLUsecase.CLASSIFICATION, display=None)
2021-08-01 05:46:54,969:INFO:Checking exceptions
2021-08-01 05:46:54,970:INFO:Preloading libraries
2021-08-01 05:46:57,428:INFO:Initializing load_model()
2021-08-01 05:46:57,429:INFO:load_model(model_name=autism-Child-2021-7-28, platform=None, authentication=None, verbose=True)
2021-08-01 05:46:57,463:INFO:Initializing predict_model()
2021-08-01 05:46:57,464:INFO:predict_model(estimator=Pipeline(steps=[('dtypes',
                 DataTypes_Auto_infer(ml_usecase='classification',
                                      target='Class/ASD')),
                ('imputer',
                 Simple_Imputer(categorical_strategy='not_available',
                                fill_value_categorical=None,
                                fill_value_numerical=None,
                                numeric_strategy='mean',
                                target_variable=None)),
                ('new_levels1',
                 New_Catagorical_Levels_in_TestData(replacement_strategy='least '
                                                                         'frequent',
                                                    t...
                ('binn', 'passthrough'), ('rem_outliers', 'passthrough'),
                ('cluster_all', 'passthrough'),
                ('dummy', Dummify(target='Class/ASD')),
                ('fix_perfect', 'passthrough'),
                ('clean_names', Clean_Colum_Names()),
                ('feature_select', 'passthrough'), ('fix_multi', 'passthrough'),
                ('dfs', 'passthrough'), ('pca', 'passthrough'),
                ['trained_model', DecisionTreeClassifier(random_state=215)]]), probability_threshold=None, encoded_labels=False, raw_score=False, round=4, verbose=True, ml_usecase=MLUsecase.CLASSIFICATION, display=None)
2021-08-01 05:46:57,466:INFO:Checking exceptions
2021-08-01 05:46:57,466:INFO:Preloading libraries
2021-08-01 05:47:03,808:INFO:Initializing load_model()
2021-08-01 05:47:03,809:INFO:load_model(model_name=autism-Child-2021-7-28, platform=None, authentication=None, verbose=True)
2021-08-01 05:47:03,855:INFO:Initializing predict_model()
2021-08-01 05:47:03,858:INFO:predict_model(estimator=Pipeline(steps=[('dtypes',
                 DataTypes_Auto_infer(ml_usecase='classification',
                                      target='Class/ASD')),
                ('imputer',
                 Simple_Imputer(categorical_strategy='not_available',
                                fill_value_categorical=None,
                                fill_value_numerical=None,
                                numeric_strategy='mean',
                                target_variable=None)),
                ('new_levels1',
                 New_Catagorical_Levels_in_TestData(replacement_strategy='least '
                                                                         'frequent',
                                                    t...
                ('binn', 'passthrough'), ('rem_outliers', 'passthrough'),
                ('cluster_all', 'passthrough'),
                ('dummy', Dummify(target='Class/ASD')),
                ('fix_perfect', 'passthrough'),
                ('clean_names', Clean_Colum_Names()),
                ('feature_select', 'passthrough'), ('fix_multi', 'passthrough'),
                ('dfs', 'passthrough'), ('pca', 'passthrough'),
                ['trained_model', DecisionTreeClassifier(random_state=215)]]), probability_threshold=None, encoded_labels=False, raw_score=False, round=4, verbose=True, ml_usecase=MLUsecase.CLASSIFICATION, display=None)
2021-08-01 05:47:03,868:INFO:Checking exceptions
2021-08-01 05:47:03,870:INFO:Preloading libraries
2021-08-01 05:47:05,632:INFO:Initializing load_model()
2021-08-01 05:47:05,632:INFO:load_model(model_name=autism-Toddler2021-7-28, platform=None, authentication=None, verbose=True)
2021-08-01 05:47:05,662:INFO:Initializing predict_model()
2021-08-01 05:47:05,663:INFO:predict_model(estimator=Pipeline(steps=[('dtypes',
                 DataTypes_Auto_infer(ml_usecase='classification',
                                      target='Class/ASD')),
                ('imputer',
                 Simple_Imputer(categorical_strategy='not_available',
                                fill_value_categorical=None,
                                fill_value_numerical=None,
                                numeric_strategy='mean',
                                target_variable=None)),
                ('new_levels1',
                 New_Catagorical_Levels_in_TestData(replacement_strategy='least '
                                                                         'frequent',
                                                    t...
                ('binn', 'passthrough'), ('rem_outliers', 'passthrough'),
                ('cluster_all', 'passthrough'),
                ('dummy', Dummify(target='Class/ASD')),
                ('fix_perfect', 'passthrough'),
                ('clean_names', Clean_Colum_Names()),
                ('feature_select', 'passthrough'), ('fix_multi', 'passthrough'),
                ('dfs', 'passthrough'), ('pca', 'passthrough'),
                ['trained_model', DecisionTreeClassifier(random_state=6769)]]), probability_threshold=None, encoded_labels=False, raw_score=False, round=4, verbose=True, ml_usecase=MLUsecase.CLASSIFICATION, display=None)
2021-08-01 05:47:05,664:INFO:Checking exceptions
2021-08-01 05:47:05,664:INFO:Preloading libraries
2021-08-01 05:50:11,689:INFO:Initializing load_model()
2021-08-01 05:50:11,692:INFO:load_model(model_name=autism-Toddler2021-7-28, platform=None, authentication=None, verbose=True)
2021-08-01 05:50:11,730:INFO:Initializing predict_model()
2021-08-01 05:50:11,731:INFO:predict_model(estimator=Pipeline(steps=[('dtypes',
                 DataTypes_Auto_infer(ml_usecase='classification',
                                      target='Class/ASD')),
                ('imputer',
                 Simple_Imputer(categorical_strategy='not_available',
                                fill_value_categorical=None,
                                fill_value_numerical=None,
                                numeric_strategy='mean',
                                target_variable=None)),
                ('new_levels1',
                 New_Catagorical_Levels_in_TestData(replacement_strategy='least '
                                                                         'frequent',
                                                    t...
                ('binn', 'passthrough'), ('rem_outliers', 'passthrough'),
                ('cluster_all', 'passthrough'),
                ('dummy', Dummify(target='Class/ASD')),
                ('fix_perfect', 'passthrough'),
                ('clean_names', Clean_Colum_Names()),
                ('feature_select', 'passthrough'), ('fix_multi', 'passthrough'),
                ('dfs', 'passthrough'), ('pca', 'passthrough'),
                ['trained_model', DecisionTreeClassifier(random_state=6769)]]), probability_threshold=None, encoded_labels=False, raw_score=False, round=4, verbose=True, ml_usecase=MLUsecase.CLASSIFICATION, display=None)
2021-08-01 05:50:11,733:INFO:Checking exceptions
2021-08-01 05:50:11,734:INFO:Preloading libraries
2021-08-01 05:50:17,801:INFO:Initializing load_model()
2021-08-01 05:50:17,801:INFO:load_model(model_name=autism-Child-2021-7-28, platform=None, authentication=None, verbose=True)
2021-08-01 05:50:17,860:INFO:Initializing predict_model()
2021-08-01 05:50:17,861:INFO:predict_model(estimator=Pipeline(steps=[('dtypes',
                 DataTypes_Auto_infer(ml_usecase='classification',
                                      target='Class/ASD')),
                ('imputer',
                 Simple_Imputer(categorical_strategy='not_available',
                                fill_value_categorical=None,
                                fill_value_numerical=None,
                                numeric_strategy='mean',
                                target_variable=None)),
                ('new_levels1',
                 New_Catagorical_Levels_in_TestData(replacement_strategy='least '
                                                                         'frequent',
                                                    t...
                ('binn', 'passthrough'), ('rem_outliers', 'passthrough'),
                ('cluster_all', 'passthrough'),
                ('dummy', Dummify(target='Class/ASD')),
                ('fix_perfect', 'passthrough'),
                ('clean_names', Clean_Colum_Names()),
                ('feature_select', 'passthrough'), ('fix_multi', 'passthrough'),
                ('dfs', 'passthrough'), ('pca', 'passthrough'),
                ['trained_model', DecisionTreeClassifier(random_state=215)]]), probability_threshold=None, encoded_labels=False, raw_score=False, round=4, verbose=True, ml_usecase=MLUsecase.CLASSIFICATION, display=None)
2021-08-01 05:50:17,862:INFO:Checking exceptions
2021-08-01 05:50:17,862:INFO:Preloading libraries
2021-08-01 05:50:22,067:INFO:Initializing load_model()
2021-08-01 05:50:22,068:INFO:load_model(model_name=autism-Child-2021-7-28, platform=None, authentication=None, verbose=True)
2021-08-01 05:50:22,112:INFO:Initializing predict_model()
2021-08-01 05:50:22,113:INFO:predict_model(estimator=Pipeline(steps=[('dtypes',
                 DataTypes_Auto_infer(ml_usecase='classification',
                                      target='Class/ASD')),
                ('imputer',
                 Simple_Imputer(categorical_strategy='not_available',
                                fill_value_categorical=None,
                                fill_value_numerical=None,
                                numeric_strategy='mean',
                                target_variable=None)),
                ('new_levels1',
                 New_Catagorical_Levels_in_TestData(replacement_strategy='least '
                                                                         'frequent',
                                                    t...
                ('binn', 'passthrough'), ('rem_outliers', 'passthrough'),
                ('cluster_all', 'passthrough'),
                ('dummy', Dummify(target='Class/ASD')),
                ('fix_perfect', 'passthrough'),
                ('clean_names', Clean_Colum_Names()),
                ('feature_select', 'passthrough'), ('fix_multi', 'passthrough'),
                ('dfs', 'passthrough'), ('pca', 'passthrough'),
                ['trained_model', DecisionTreeClassifier(random_state=215)]]), probability_threshold=None, encoded_labels=False, raw_score=False, round=4, verbose=True, ml_usecase=MLUsecase.CLASSIFICATION, display=None)
2021-08-01 05:50:22,117:INFO:Checking exceptions
2021-08-01 05:50:22,119:INFO:Preloading libraries
2021-08-01 05:50:22,458:INFO:Initializing predict_model()
2021-08-01 05:50:22,459:INFO:predict_model(estimator=Pipeline(steps=[('dtypes',
                 DataTypes_Auto_infer(ml_usecase='classification',
                                      target='Class/ASD')),
                ('imputer',
                 Simple_Imputer(categorical_strategy='not_available',
                                fill_value_categorical=None,
                                fill_value_numerical=None,
                                numeric_strategy='mean',
                                target_variable=None)),
                ('new_levels1',
                 New_Catagorical_Levels_in_TestData(replacement_strategy='least '
                                                                         'frequent',
                                                    t...
                ('binn', 'passthrough'), ('rem_outliers', 'passthrough'),
                ('cluster_all', 'passthrough'),
                ('dummy', Dummify(target='Class/ASD')),
                ('fix_perfect', 'passthrough'),
                ('clean_names', Clean_Colum_Names()),
                ('feature_select', 'passthrough'), ('fix_multi', 'passthrough'),
                ('dfs', 'passthrough'), ('pca', 'passthrough'),
                ['trained_model', DecisionTreeClassifier(random_state=215)]]), probability_threshold=None, encoded_labels=False, raw_score=False, round=4, verbose=True, ml_usecase=MLUsecase.CLASSIFICATION, display=None)
2021-08-01 05:50:22,460:INFO:Checking exceptions
2021-08-01 05:50:22,460:INFO:Preloading libraries
2021-08-01 05:50:27,829:INFO:Initializing load_model()
2021-08-01 05:50:27,829:INFO:load_model(model_name=autism-Adult2021-7-28, platform=None, authentication=None, verbose=True)
2021-08-01 05:50:27,889:INFO:Initializing predict_model()
2021-08-01 05:50:27,890:INFO:predict_model(estimator=Pipeline(steps=[('dtypes',
                 DataTypes_Auto_infer(ml_usecase='classification',
                                      target='Class/ASD')),
                ('imputer',
                 Simple_Imputer(categorical_strategy='not_available',
                                fill_value_categorical=None,
                                fill_value_numerical=None,
                                numeric_strategy='mean',
                                target_variable=None)),
                ('new_levels1',
                 New_Catagorical_Levels_in_TestData(replacement_strategy='least '
                                                                         'frequent',
                                                    t...
                ('binn', 'passthrough'), ('rem_outliers', 'passthrough'),
                ('cluster_all', 'passthrough'),
                ('dummy', Dummify(target='Class/ASD')),
                ('fix_perfect', 'passthrough'),
                ('clean_names', Clean_Colum_Names()),
                ('feature_select', 'passthrough'), ('fix_multi', 'passthrough'),
                ('dfs', 'passthrough'), ('pca', 'passthrough'),
                ['trained_model', DecisionTreeClassifier(random_state=1324)]]), probability_threshold=None, encoded_labels=False, raw_score=False, round=4, verbose=True, ml_usecase=MLUsecase.CLASSIFICATION, display=None)
2021-08-01 05:50:27,896:INFO:Checking exceptions
2021-08-01 05:50:27,896:INFO:Preloading libraries
2021-08-01 05:50:31,612:INFO:Initializing load_model()
2021-08-01 05:50:31,614:INFO:load_model(model_name=autism-Adult2021-7-28, platform=None, authentication=None, verbose=True)
2021-08-01 05:50:31,662:INFO:Initializing predict_model()
2021-08-01 05:50:31,663:INFO:predict_model(estimator=Pipeline(steps=[('dtypes',
                 DataTypes_Auto_infer(ml_usecase='classification',
                                      target='Class/ASD')),
                ('imputer',
                 Simple_Imputer(categorical_strategy='not_available',
                                fill_value_categorical=None,
                                fill_value_numerical=None,
                                numeric_strategy='mean',
                                target_variable=None)),
                ('new_levels1',
                 New_Catagorical_Levels_in_TestData(replacement_strategy='least '
                                                                         'frequent',
                                                    t...
                ('binn', 'passthrough'), ('rem_outliers', 'passthrough'),
                ('cluster_all', 'passthrough'),
                ('dummy', Dummify(target='Class/ASD')),
                ('fix_perfect', 'passthrough'),
                ('clean_names', Clean_Colum_Names()),
                ('feature_select', 'passthrough'), ('fix_multi', 'passthrough'),
                ('dfs', 'passthrough'), ('pca', 'passthrough'),
                ['trained_model', DecisionTreeClassifier(random_state=1324)]]), probability_threshold=None, encoded_labels=False, raw_score=False, round=4, verbose=True, ml_usecase=MLUsecase.CLASSIFICATION, display=None)
2021-08-01 05:50:31,665:INFO:Checking exceptions
2021-08-01 05:50:31,666:INFO:Preloading libraries
2021-08-01 05:50:32,022:INFO:Initializing predict_model()
2021-08-01 05:50:32,023:INFO:predict_model(estimator=Pipeline(steps=[('dtypes',
                 DataTypes_Auto_infer(ml_usecase='classification',
                                      target='Class/ASD')),
                ('imputer',
                 Simple_Imputer(categorical_strategy='not_available',
                                fill_value_categorical=None,
                                fill_value_numerical=None,
                                numeric_strategy='mean',
                                target_variable=None)),
                ('new_levels1',
                 New_Catagorical_Levels_in_TestData(replacement_strategy='least '
                                                                         'frequent',
                                                    t...
                ('binn', 'passthrough'), ('rem_outliers', 'passthrough'),
                ('cluster_all', 'passthrough'),
                ('dummy', Dummify(target='Class/ASD')),
                ('fix_perfect', 'passthrough'),
                ('clean_names', Clean_Colum_Names()),
                ('feature_select', 'passthrough'), ('fix_multi', 'passthrough'),
                ('dfs', 'passthrough'), ('pca', 'passthrough'),
                ['trained_model', DecisionTreeClassifier(random_state=1324)]]), probability_threshold=None, encoded_labels=False, raw_score=False, round=4, verbose=True, ml_usecase=MLUsecase.CLASSIFICATION, display=None)
2021-08-01 05:50:32,024:INFO:Checking exceptions
2021-08-01 05:50:32,025:INFO:Preloading libraries
2021-08-01 05:50:36,497:INFO:Initializing load_model()
2021-08-01 05:50:36,498:INFO:load_model(model_name=autism-Adolescent-2021-7-28, platform=None, authentication=None, verbose=True)
2021-08-01 05:50:36,805:INFO:Initializing predict_model()
2021-08-01 05:50:36,808:INFO:predict_model(estimator=Pipeline(steps=[('dtypes',
                 DataTypes_Auto_infer(ml_usecase='classification',
                                      target='Class/ASD')),
                ('imputer',
                 Simple_Imputer(categorical_strategy='not_available',
                                fill_value_categorical=None,
                                fill_value_numerical=None,
                                numeric_strategy='mean',
                                target_variable=None)),
                ('new_levels1',
                 New_Catagorical_Levels_in_TestData(replacement_strategy='least '
                                                                         'frequent',
                                                    t...
                ('binn', 'passthrough'), ('rem_outliers', 'passthrough'),
                ('cluster_all', 'passthrough'),
                ('dummy', Dummify(target='Class/ASD')),
                ('fix_perfect', 'passthrough'),
                ('clean_names', Clean_Colum_Names()),
                ('feature_select', 'passthrough'), ('fix_multi', 'passthrough'),
                ('dfs', 'passthrough'), ('pca', 'passthrough'),
                ['trained_model', AdaBoostClassifier(random_state=2411)]]), probability_threshold=None, encoded_labels=False, raw_score=False, round=4, verbose=True, ml_usecase=MLUsecase.CLASSIFICATION, display=None)
2021-08-01 05:50:36,810:INFO:Checking exceptions
2021-08-01 05:50:36,811:INFO:Preloading libraries
2021-08-01 05:50:40,424:INFO:Initializing load_model()
2021-08-01 05:50:40,424:INFO:load_model(model_name=autism-Adolescent-2021-7-28, platform=None, authentication=None, verbose=True)
2021-08-01 05:50:40,491:INFO:Initializing predict_model()
2021-08-01 05:50:40,494:INFO:predict_model(estimator=Pipeline(steps=[('dtypes',
                 DataTypes_Auto_infer(ml_usecase='classification',
                                      target='Class/ASD')),
                ('imputer',
                 Simple_Imputer(categorical_strategy='not_available',
                                fill_value_categorical=None,
                                fill_value_numerical=None,
                                numeric_strategy='mean',
                                target_variable=None)),
                ('new_levels1',
                 New_Catagorical_Levels_in_TestData(replacement_strategy='least '
                                                                         'frequent',
                                                    t...
                ('binn', 'passthrough'), ('rem_outliers', 'passthrough'),
                ('cluster_all', 'passthrough'),
                ('dummy', Dummify(target='Class/ASD')),
                ('fix_perfect', 'passthrough'),
                ('clean_names', Clean_Colum_Names()),
                ('feature_select', 'passthrough'), ('fix_multi', 'passthrough'),
                ('dfs', 'passthrough'), ('pca', 'passthrough'),
                ['trained_model', AdaBoostClassifier(random_state=2411)]]), probability_threshold=None, encoded_labels=False, raw_score=False, round=4, verbose=True, ml_usecase=MLUsecase.CLASSIFICATION, display=None)
2021-08-01 05:50:40,496:INFO:Checking exceptions
2021-08-01 05:50:40,499:INFO:Preloading libraries
2021-08-01 05:50:40,880:INFO:Initializing predict_model()
2021-08-01 05:50:40,880:INFO:predict_model(estimator=Pipeline(steps=[('dtypes',
                 DataTypes_Auto_infer(ml_usecase='classification',
                                      target='Class/ASD')),
                ('imputer',
                 Simple_Imputer(categorical_strategy='not_available',
                                fill_value_categorical=None,
                                fill_value_numerical=None,
                                numeric_strategy='mean',
                                target_variable=None)),
                ('new_levels1',
                 New_Catagorical_Levels_in_TestData(replacement_strategy='least '
                                                                         'frequent',
                                                    t...
                ('binn', 'passthrough'), ('rem_outliers', 'passthrough'),
                ('cluster_all', 'passthrough'),
                ('dummy', Dummify(target='Class/ASD')),
                ('fix_perfect', 'passthrough'),
                ('clean_names', Clean_Colum_Names()),
                ('feature_select', 'passthrough'), ('fix_multi', 'passthrough'),
                ('dfs', 'passthrough'), ('pca', 'passthrough'),
                ['trained_model', AdaBoostClassifier(random_state=2411)]]), probability_threshold=None, encoded_labels=False, raw_score=False, round=4, verbose=True, ml_usecase=MLUsecase.CLASSIFICATION, display=None)
2021-08-01 05:50:40,881:INFO:Checking exceptions
2021-08-01 05:50:40,881:INFO:Preloading libraries
2021-08-01 05:50:48,439:INFO:Initializing load_model()
2021-08-01 05:50:48,440:INFO:load_model(model_name=autism-Adolescent-2021-7-28, platform=None, authentication=None, verbose=True)
2021-08-01 05:50:48,507:INFO:Initializing predict_model()
2021-08-01 05:50:48,519:INFO:predict_model(estimator=Pipeline(steps=[('dtypes',
                 DataTypes_Auto_infer(ml_usecase='classification',
                                      target='Class/ASD')),
                ('imputer',
                 Simple_Imputer(categorical_strategy='not_available',
                                fill_value_categorical=None,
                                fill_value_numerical=None,
                                numeric_strategy='mean',
                                target_variable=None)),
                ('new_levels1',
                 New_Catagorical_Levels_in_TestData(replacement_strategy='least '
                                                                         'frequent',
                                                    t...
                ('binn', 'passthrough'), ('rem_outliers', 'passthrough'),
                ('cluster_all', 'passthrough'),
                ('dummy', Dummify(target='Class/ASD')),
                ('fix_perfect', 'passthrough'),
                ('clean_names', Clean_Colum_Names()),
                ('feature_select', 'passthrough'), ('fix_multi', 'passthrough'),
                ('dfs', 'passthrough'), ('pca', 'passthrough'),
                ['trained_model', AdaBoostClassifier(random_state=2411)]]), probability_threshold=None, encoded_labels=False, raw_score=False, round=4, verbose=True, ml_usecase=MLUsecase.CLASSIFICATION, display=None)
2021-08-01 05:50:48,527:INFO:Checking exceptions
2021-08-01 05:50:48,528:INFO:Preloading libraries
2021-08-01 05:50:50,659:INFO:Initializing load_model()
2021-08-01 05:50:50,660:INFO:load_model(model_name=autism-Adolescent-2021-7-28, platform=None, authentication=None, verbose=True)
2021-08-01 05:50:50,709:INFO:Initializing predict_model()
2021-08-01 05:50:50,709:INFO:predict_model(estimator=Pipeline(steps=[('dtypes',
                 DataTypes_Auto_infer(ml_usecase='classification',
                                      target='Class/ASD')),
                ('imputer',
                 Simple_Imputer(categorical_strategy='not_available',
                                fill_value_categorical=None,
                                fill_value_numerical=None,
                                numeric_strategy='mean',
                                target_variable=None)),
                ('new_levels1',
                 New_Catagorical_Levels_in_TestData(replacement_strategy='least '
                                                                         'frequent',
                                                    t...
                ('binn', 'passthrough'), ('rem_outliers', 'passthrough'),
                ('cluster_all', 'passthrough'),
                ('dummy', Dummify(target='Class/ASD')),
                ('fix_perfect', 'passthrough'),
                ('clean_names', Clean_Colum_Names()),
                ('feature_select', 'passthrough'), ('fix_multi', 'passthrough'),
                ('dfs', 'passthrough'), ('pca', 'passthrough'),
                ['trained_model', AdaBoostClassifier(random_state=2411)]]), probability_threshold=None, encoded_labels=False, raw_score=False, round=4, verbose=True, ml_usecase=MLUsecase.CLASSIFICATION, display=None)
2021-08-01 05:50:50,710:INFO:Checking exceptions
2021-08-01 05:50:50,710:INFO:Preloading libraries
2021-08-01 05:50:55,389:INFO:Initializing load_model()
2021-08-01 05:50:55,393:INFO:load_model(model_name=autism-Adolescent-2021-7-28, platform=None, authentication=None, verbose=True)
2021-08-01 05:50:55,460:INFO:Initializing predict_model()
2021-08-01 05:50:55,462:INFO:predict_model(estimator=Pipeline(steps=[('dtypes',
                 DataTypes_Auto_infer(ml_usecase='classification',
                                      target='Class/ASD')),
                ('imputer',
                 Simple_Imputer(categorical_strategy='not_available',
                                fill_value_categorical=None,
                                fill_value_numerical=None,
                                numeric_strategy='mean',
                                target_variable=None)),
                ('new_levels1',
                 New_Catagorical_Levels_in_TestData(replacement_strategy='least '
                                                                         'frequent',
                                                    t...
                ('binn', 'passthrough'), ('rem_outliers', 'passthrough'),
                ('cluster_all', 'passthrough'),
                ('dummy', Dummify(target='Class/ASD')),
                ('fix_perfect', 'passthrough'),
                ('clean_names', Clean_Colum_Names()),
                ('feature_select', 'passthrough'), ('fix_multi', 'passthrough'),
                ('dfs', 'passthrough'), ('pca', 'passthrough'),
                ['trained_model', AdaBoostClassifier(random_state=2411)]]), probability_threshold=None, encoded_labels=False, raw_score=False, round=4, verbose=True, ml_usecase=MLUsecase.CLASSIFICATION, display=None)
2021-08-01 05:50:55,463:INFO:Checking exceptions
2021-08-01 05:50:55,464:INFO:Preloading libraries
2021-08-01 05:50:55,799:INFO:Initializing predict_model()
2021-08-01 05:50:55,800:INFO:predict_model(estimator=Pipeline(steps=[('dtypes',
                 DataTypes_Auto_infer(ml_usecase='classification',
                                      target='Class/ASD')),
                ('imputer',
                 Simple_Imputer(categorical_strategy='not_available',
                                fill_value_categorical=None,
                                fill_value_numerical=None,
                                numeric_strategy='mean',
                                target_variable=None)),
                ('new_levels1',
                 New_Catagorical_Levels_in_TestData(replacement_strategy='least '
                                                                         'frequent',
                                                    t...
                ('binn', 'passthrough'), ('rem_outliers', 'passthrough'),
                ('cluster_all', 'passthrough'),
                ('dummy', Dummify(target='Class/ASD')),
                ('fix_perfect', 'passthrough'),
                ('clean_names', Clean_Colum_Names()),
                ('feature_select', 'passthrough'), ('fix_multi', 'passthrough'),
                ('dfs', 'passthrough'), ('pca', 'passthrough'),
                ['trained_model', AdaBoostClassifier(random_state=2411)]]), probability_threshold=None, encoded_labels=False, raw_score=False, round=4, verbose=True, ml_usecase=MLUsecase.CLASSIFICATION, display=None)
2021-08-01 05:50:55,804:INFO:Checking exceptions
2021-08-01 05:50:55,805:INFO:Preloading libraries
2021-08-01 05:51:03,676:INFO:Initializing load_model()
2021-08-01 05:51:03,678:INFO:load_model(model_name=autism-Adolescent-2021-7-28, platform=None, authentication=None, verbose=True)
2021-08-01 05:51:10,358:INFO:Initializing load_model()
2021-08-01 05:51:10,359:INFO:load_model(model_name=autism-Toddler2021-7-28, platform=None, authentication=None, verbose=True)
2021-08-01 05:51:10,412:INFO:Initializing predict_model()
2021-08-01 05:51:10,414:INFO:predict_model(estimator=Pipeline(steps=[('dtypes',
                 DataTypes_Auto_infer(ml_usecase='classification',
                                      target='Class/ASD')),
                ('imputer',
                 Simple_Imputer(categorical_strategy='not_available',
                                fill_value_categorical=None,
                                fill_value_numerical=None,
                                numeric_strategy='mean',
                                target_variable=None)),
                ('new_levels1',
                 New_Catagorical_Levels_in_TestData(replacement_strategy='least '
                                                                         'frequent',
                                                    t...
                ('binn', 'passthrough'), ('rem_outliers', 'passthrough'),
                ('cluster_all', 'passthrough'),
                ('dummy', Dummify(target='Class/ASD')),
                ('fix_perfect', 'passthrough'),
                ('clean_names', Clean_Colum_Names()),
                ('feature_select', 'passthrough'), ('fix_multi', 'passthrough'),
                ('dfs', 'passthrough'), ('pca', 'passthrough'),
                ['trained_model', DecisionTreeClassifier(random_state=6769)]]), probability_threshold=None, encoded_labels=False, raw_score=False, round=4, verbose=True, ml_usecase=MLUsecase.CLASSIFICATION, display=None)
2021-08-01 05:51:10,415:INFO:Checking exceptions
2021-08-01 05:51:10,416:INFO:Preloading libraries
2021-08-01 05:51:16,923:INFO:Initializing load_model()
2021-08-01 05:51:16,926:INFO:load_model(model_name=autism-Child-2021-7-28, platform=None, authentication=None, verbose=True)
2021-08-01 05:51:25,087:INFO:Initializing load_model()
2021-08-01 05:51:25,088:INFO:load_model(model_name=autism-Child-2021-7-28, platform=None, authentication=None, verbose=True)
2021-08-01 05:51:25,145:INFO:Initializing predict_model()
2021-08-01 05:51:25,148:INFO:predict_model(estimator=Pipeline(steps=[('dtypes',
                 DataTypes_Auto_infer(ml_usecase='classification',
                                      target='Class/ASD')),
                ('imputer',
                 Simple_Imputer(categorical_strategy='not_available',
                                fill_value_categorical=None,
                                fill_value_numerical=None,
                                numeric_strategy='mean',
                                target_variable=None)),
                ('new_levels1',
                 New_Catagorical_Levels_in_TestData(replacement_strategy='least '
                                                                         'frequent',
                                                    t...
                ('binn', 'passthrough'), ('rem_outliers', 'passthrough'),
                ('cluster_all', 'passthrough'),
                ('dummy', Dummify(target='Class/ASD')),
                ('fix_perfect', 'passthrough'),
                ('clean_names', Clean_Colum_Names()),
                ('feature_select', 'passthrough'), ('fix_multi', 'passthrough'),
                ('dfs', 'passthrough'), ('pca', 'passthrough'),
                ['trained_model', DecisionTreeClassifier(random_state=215)]]), probability_threshold=None, encoded_labels=False, raw_score=False, round=4, verbose=True, ml_usecase=MLUsecase.CLASSIFICATION, display=None)
2021-08-01 05:51:25,151:INFO:Checking exceptions
2021-08-01 05:51:25,152:INFO:Preloading libraries
2021-08-01 05:53:54,769:INFO:Initializing load_model()
2021-08-01 05:53:54,769:INFO:load_model(model_name=autism-Child-2021-7-28, platform=None, authentication=None, verbose=True)
2021-08-01 05:53:54,830:INFO:Initializing predict_model()
2021-08-01 05:53:54,830:INFO:predict_model(estimator=Pipeline(steps=[('dtypes',
                 DataTypes_Auto_infer(ml_usecase='classification',
                                      target='Class/ASD')),
                ('imputer',
                 Simple_Imputer(categorical_strategy='not_available',
                                fill_value_categorical=None,
                                fill_value_numerical=None,
                                numeric_strategy='mean',
                                target_variable=None)),
                ('new_levels1',
                 New_Catagorical_Levels_in_TestData(replacement_strategy='least '
                                                                         'frequent',
                                                    t...
                ('binn', 'passthrough'), ('rem_outliers', 'passthrough'),
                ('cluster_all', 'passthrough'),
                ('dummy', Dummify(target='Class/ASD')),
                ('fix_perfect', 'passthrough'),
                ('clean_names', Clean_Colum_Names()),
                ('feature_select', 'passthrough'), ('fix_multi', 'passthrough'),
                ('dfs', 'passthrough'), ('pca', 'passthrough'),
                ['trained_model', DecisionTreeClassifier(random_state=215)]]), probability_threshold=None, encoded_labels=False, raw_score=False, round=4, verbose=True, ml_usecase=MLUsecase.CLASSIFICATION, display=None)
2021-08-01 05:53:54,832:INFO:Checking exceptions
2021-08-01 05:53:54,832:INFO:Preloading libraries
2021-08-01 05:55:15,205:INFO:Initializing load_model()
2021-08-01 05:55:15,208:INFO:load_model(model_name=autism-Child-2021-7-28, platform=None, authentication=None, verbose=True)
2021-08-01 05:55:15,263:INFO:Initializing predict_model()
2021-08-01 05:55:15,265:INFO:predict_model(estimator=Pipeline(steps=[('dtypes',
                 DataTypes_Auto_infer(ml_usecase='classification',
                                      target='Class/ASD')),
                ('imputer',
                 Simple_Imputer(categorical_strategy='not_available',
                                fill_value_categorical=None,
                                fill_value_numerical=None,
                                numeric_strategy='mean',
                                target_variable=None)),
                ('new_levels1',
                 New_Catagorical_Levels_in_TestData(replacement_strategy='least '
                                                                         'frequent',
                                                    t...
                ('binn', 'passthrough'), ('rem_outliers', 'passthrough'),
                ('cluster_all', 'passthrough'),
                ('dummy', Dummify(target='Class/ASD')),
                ('fix_perfect', 'passthrough'),
                ('clean_names', Clean_Colum_Names()),
                ('feature_select', 'passthrough'), ('fix_multi', 'passthrough'),
                ('dfs', 'passthrough'), ('pca', 'passthrough'),
                ['trained_model', DecisionTreeClassifier(random_state=215)]]), probability_threshold=None, encoded_labels=False, raw_score=False, round=4, verbose=True, ml_usecase=MLUsecase.CLASSIFICATION, display=None)
2021-08-01 05:55:15,266:INFO:Checking exceptions
2021-08-01 05:55:15,267:INFO:Preloading libraries
2021-08-01 05:55:19,577:INFO:Initializing load_model()
2021-08-01 05:55:19,578:INFO:load_model(model_name=autism-Child-2021-7-28, platform=None, authentication=None, verbose=True)
2021-08-01 05:55:19,613:INFO:Initializing predict_model()
2021-08-01 05:55:19,614:INFO:predict_model(estimator=Pipeline(steps=[('dtypes',
                 DataTypes_Auto_infer(ml_usecase='classification',
                                      target='Class/ASD')),
                ('imputer',
                 Simple_Imputer(categorical_strategy='not_available',
                                fill_value_categorical=None,
                                fill_value_numerical=None,
                                numeric_strategy='mean',
                                target_variable=None)),
                ('new_levels1',
                 New_Catagorical_Levels_in_TestData(replacement_strategy='least '
                                                                         'frequent',
                                                    t...
                ('binn', 'passthrough'), ('rem_outliers', 'passthrough'),
                ('cluster_all', 'passthrough'),
                ('dummy', Dummify(target='Class/ASD')),
                ('fix_perfect', 'passthrough'),
                ('clean_names', Clean_Colum_Names()),
                ('feature_select', 'passthrough'), ('fix_multi', 'passthrough'),
                ('dfs', 'passthrough'), ('pca', 'passthrough'),
                ['trained_model', DecisionTreeClassifier(random_state=215)]]), probability_threshold=None, encoded_labels=False, raw_score=False, round=4, verbose=True, ml_usecase=MLUsecase.CLASSIFICATION, display=None)
2021-08-01 05:55:19,616:INFO:Checking exceptions
2021-08-01 05:55:19,616:INFO:Preloading libraries
2021-08-01 05:55:24,179:INFO:Initializing load_model()
2021-08-01 05:55:24,179:INFO:load_model(model_name=autism-Toddler2021-7-28, platform=None, authentication=None, verbose=True)
2021-08-01 05:55:24,215:INFO:Initializing predict_model()
2021-08-01 05:55:24,216:INFO:predict_model(estimator=Pipeline(steps=[('dtypes',
                 DataTypes_Auto_infer(ml_usecase='classification',
                                      target='Class/ASD')),
                ('imputer',
                 Simple_Imputer(categorical_strategy='not_available',
                                fill_value_categorical=None,
                                fill_value_numerical=None,
                                numeric_strategy='mean',
                                target_variable=None)),
                ('new_levels1',
                 New_Catagorical_Levels_in_TestData(replacement_strategy='least '
                                                                         'frequent',
                                                    t...
                ('binn', 'passthrough'), ('rem_outliers', 'passthrough'),
                ('cluster_all', 'passthrough'),
                ('dummy', Dummify(target='Class/ASD')),
                ('fix_perfect', 'passthrough'),
                ('clean_names', Clean_Colum_Names()),
                ('feature_select', 'passthrough'), ('fix_multi', 'passthrough'),
                ('dfs', 'passthrough'), ('pca', 'passthrough'),
                ['trained_model', DecisionTreeClassifier(random_state=6769)]]), probability_threshold=None, encoded_labels=False, raw_score=False, round=4, verbose=True, ml_usecase=MLUsecase.CLASSIFICATION, display=None)
2021-08-01 05:55:24,218:INFO:Checking exceptions
2021-08-01 05:55:24,219:INFO:Preloading libraries
2021-08-01 06:23:00,250:INFO:Initializing load_model()
2021-08-01 06:23:00,253:INFO:load_model(model_name=autism-Toddler2021-7-28, platform=None, authentication=None, verbose=True)
2021-08-01 06:23:00,869:INFO:Initializing predict_model()
2021-08-01 06:23:00,869:INFO:predict_model(estimator=Pipeline(steps=[('dtypes',
                 DataTypes_Auto_infer(ml_usecase='classification',
                                      target='Class/ASD')),
                ('imputer',
                 Simple_Imputer(categorical_strategy='not_available',
                                fill_value_categorical=None,
                                fill_value_numerical=None,
                                numeric_strategy='mean',
                                target_variable=None)),
                ('new_levels1',
                 New_Catagorical_Levels_in_TestData(replacement_strategy='least '
                                                                         'frequent',
                                                    t...
                ('binn', 'passthrough'), ('rem_outliers', 'passthrough'),
                ('cluster_all', 'passthrough'),
                ('dummy', Dummify(target='Class/ASD')),
                ('fix_perfect', 'passthrough'),
                ('clean_names', Clean_Colum_Names()),
                ('feature_select', 'passthrough'), ('fix_multi', 'passthrough'),
                ('dfs', 'passthrough'), ('pca', 'passthrough'),
                ['trained_model', DecisionTreeClassifier(random_state=6769)]]), probability_threshold=None, encoded_labels=False, raw_score=False, round=4, verbose=True, ml_usecase=MLUsecase.CLASSIFICATION, display=None)
2021-08-01 06:23:00,870:INFO:Checking exceptions
2021-08-01 06:23:00,870:INFO:Preloading libraries
2021-08-01 06:33:49,862:INFO:Initializing load_model()
2021-08-01 06:33:49,863:INFO:load_model(model_name=autism-Child-2021-7-28, platform=None, authentication=None, verbose=True)
2021-08-01 06:33:49,978:INFO:Initializing predict_model()
2021-08-01 06:33:49,986:INFO:predict_model(estimator=Pipeline(steps=[('dtypes',
                 DataTypes_Auto_infer(ml_usecase='classification',
                                      target='Class/ASD')),
                ('imputer',
                 Simple_Imputer(categorical_strategy='not_available',
                                fill_value_categorical=None,
                                fill_value_numerical=None,
                                numeric_strategy='mean',
                                target_variable=None)),
                ('new_levels1',
                 New_Catagorical_Levels_in_TestData(replacement_strategy='least '
                                                                         'frequent',
                                                    t...
                ('binn', 'passthrough'), ('rem_outliers', 'passthrough'),
                ('cluster_all', 'passthrough'),
                ('dummy', Dummify(target='Class/ASD')),
                ('fix_perfect', 'passthrough'),
                ('clean_names', Clean_Colum_Names()),
                ('feature_select', 'passthrough'), ('fix_multi', 'passthrough'),
                ('dfs', 'passthrough'), ('pca', 'passthrough'),
                ['trained_model', DecisionTreeClassifier(random_state=215)]]), probability_threshold=None, encoded_labels=False, raw_score=False, round=4, verbose=True, ml_usecase=MLUsecase.CLASSIFICATION, display=None)
2021-08-01 06:33:49,988:INFO:Checking exceptions
2021-08-01 06:33:49,991:INFO:Preloading libraries
2021-08-01 06:33:54,980:INFO:Initializing load_model()
2021-08-01 06:33:54,981:INFO:load_model(model_name=autism-Child-2021-7-28, platform=None, authentication=None, verbose=True)
2021-08-01 06:33:55,017:INFO:Initializing predict_model()
2021-08-01 06:33:55,017:INFO:predict_model(estimator=Pipeline(steps=[('dtypes',
                 DataTypes_Auto_infer(ml_usecase='classification',
                                      target='Class/ASD')),
                ('imputer',
                 Simple_Imputer(categorical_strategy='not_available',
                                fill_value_categorical=None,
                                fill_value_numerical=None,
                                numeric_strategy='mean',
                                target_variable=None)),
                ('new_levels1',
                 New_Catagorical_Levels_in_TestData(replacement_strategy='least '
                                                                         'frequent',
                                                    t...
                ('binn', 'passthrough'), ('rem_outliers', 'passthrough'),
                ('cluster_all', 'passthrough'),
                ('dummy', Dummify(target='Class/ASD')),
                ('fix_perfect', 'passthrough'),
                ('clean_names', Clean_Colum_Names()),
                ('feature_select', 'passthrough'), ('fix_multi', 'passthrough'),
                ('dfs', 'passthrough'), ('pca', 'passthrough'),
                ['trained_model', DecisionTreeClassifier(random_state=215)]]), probability_threshold=None, encoded_labels=False, raw_score=False, round=4, verbose=True, ml_usecase=MLUsecase.CLASSIFICATION, display=None)
2021-08-01 06:33:55,018:INFO:Checking exceptions
2021-08-01 06:33:55,019:INFO:Preloading libraries
2021-08-01 06:33:59,818:INFO:Initializing load_model()
2021-08-01 06:33:59,819:INFO:load_model(model_name=autism-Child-2021-7-28, platform=None, authentication=None, verbose=True)
2021-08-01 06:33:59,858:INFO:Initializing predict_model()
2021-08-01 06:33:59,860:INFO:predict_model(estimator=Pipeline(steps=[('dtypes',
                 DataTypes_Auto_infer(ml_usecase='classification',
                                      target='Class/ASD')),
                ('imputer',
                 Simple_Imputer(categorical_strategy='not_available',
                                fill_value_categorical=None,
                                fill_value_numerical=None,
                                numeric_strategy='mean',
                                target_variable=None)),
                ('new_levels1',
                 New_Catagorical_Levels_in_TestData(replacement_strategy='least '
                                                                         'frequent',
                                                    t...
                ('binn', 'passthrough'), ('rem_outliers', 'passthrough'),
                ('cluster_all', 'passthrough'),
                ('dummy', Dummify(target='Class/ASD')),
                ('fix_perfect', 'passthrough'),
                ('clean_names', Clean_Colum_Names()),
                ('feature_select', 'passthrough'), ('fix_multi', 'passthrough'),
                ('dfs', 'passthrough'), ('pca', 'passthrough'),
                ['trained_model', DecisionTreeClassifier(random_state=215)]]), probability_threshold=None, encoded_labels=False, raw_score=False, round=4, verbose=True, ml_usecase=MLUsecase.CLASSIFICATION, display=None)
2021-08-01 06:33:59,862:INFO:Checking exceptions
2021-08-01 06:33:59,862:INFO:Preloading libraries
2021-08-01 06:34:09,111:INFO:Initializing load_model()
2021-08-01 06:34:09,111:INFO:load_model(model_name=autism-Child-2021-7-28, platform=None, authentication=None, verbose=True)
2021-08-01 06:34:09,145:INFO:Initializing predict_model()
2021-08-01 06:34:09,146:INFO:predict_model(estimator=Pipeline(steps=[('dtypes',
                 DataTypes_Auto_infer(ml_usecase='classification',
                                      target='Class/ASD')),
                ('imputer',
                 Simple_Imputer(categorical_strategy='not_available',
                                fill_value_categorical=None,
                                fill_value_numerical=None,
                                numeric_strategy='mean',
                                target_variable=None)),
                ('new_levels1',
                 New_Catagorical_Levels_in_TestData(replacement_strategy='least '
                                                                         'frequent',
                                                    t...
                ('binn', 'passthrough'), ('rem_outliers', 'passthrough'),
                ('cluster_all', 'passthrough'),
                ('dummy', Dummify(target='Class/ASD')),
                ('fix_perfect', 'passthrough'),
                ('clean_names', Clean_Colum_Names()),
                ('feature_select', 'passthrough'), ('fix_multi', 'passthrough'),
                ('dfs', 'passthrough'), ('pca', 'passthrough'),
                ['trained_model', DecisionTreeClassifier(random_state=215)]]), probability_threshold=None, encoded_labels=False, raw_score=False, round=4, verbose=True, ml_usecase=MLUsecase.CLASSIFICATION, display=None)
2021-08-01 06:34:09,146:INFO:Checking exceptions
2021-08-01 06:34:09,147:INFO:Preloading libraries
2021-08-01 06:34:12,933:INFO:Initializing load_model()
2021-08-01 06:34:12,935:INFO:load_model(model_name=autism-Child-2021-7-28, platform=None, authentication=None, verbose=True)
2021-08-01 06:34:12,967:INFO:Initializing predict_model()
2021-08-01 06:34:12,968:INFO:predict_model(estimator=Pipeline(steps=[('dtypes',
                 DataTypes_Auto_infer(ml_usecase='classification',
                                      target='Class/ASD')),
                ('imputer',
                 Simple_Imputer(categorical_strategy='not_available',
                                fill_value_categorical=None,
                                fill_value_numerical=None,
                                numeric_strategy='mean',
                                target_variable=None)),
                ('new_levels1',
                 New_Catagorical_Levels_in_TestData(replacement_strategy='least '
                                                                         'frequent',
                                                    t...
                ('binn', 'passthrough'), ('rem_outliers', 'passthrough'),
                ('cluster_all', 'passthrough'),
                ('dummy', Dummify(target='Class/ASD')),
                ('fix_perfect', 'passthrough'),
                ('clean_names', Clean_Colum_Names()),
                ('feature_select', 'passthrough'), ('fix_multi', 'passthrough'),
                ('dfs', 'passthrough'), ('pca', 'passthrough'),
                ['trained_model', DecisionTreeClassifier(random_state=215)]]), probability_threshold=None, encoded_labels=False, raw_score=False, round=4, verbose=True, ml_usecase=MLUsecase.CLASSIFICATION, display=None)
2021-08-01 06:34:12,969:INFO:Checking exceptions
2021-08-01 06:34:12,969:INFO:Preloading libraries
2021-08-01 06:34:15,830:INFO:Initializing load_model()
2021-08-01 06:34:15,831:INFO:load_model(model_name=autism-Child-2021-7-28, platform=None, authentication=None, verbose=True)
2021-08-01 06:34:15,864:INFO:Initializing predict_model()
2021-08-01 06:34:15,865:INFO:predict_model(estimator=Pipeline(steps=[('dtypes',
                 DataTypes_Auto_infer(ml_usecase='classification',
                                      target='Class/ASD')),
                ('imputer',
                 Simple_Imputer(categorical_strategy='not_available',
                                fill_value_categorical=None,
                                fill_value_numerical=None,
                                numeric_strategy='mean',
                                target_variable=None)),
                ('new_levels1',
                 New_Catagorical_Levels_in_TestData(replacement_strategy='least '
                                                                         'frequent',
                                                    t...
                ('binn', 'passthrough'), ('rem_outliers', 'passthrough'),
                ('cluster_all', 'passthrough'),
                ('dummy', Dummify(target='Class/ASD')),
                ('fix_perfect', 'passthrough'),
                ('clean_names', Clean_Colum_Names()),
                ('feature_select', 'passthrough'), ('fix_multi', 'passthrough'),
                ('dfs', 'passthrough'), ('pca', 'passthrough'),
                ['trained_model', DecisionTreeClassifier(random_state=215)]]), probability_threshold=None, encoded_labels=False, raw_score=False, round=4, verbose=True, ml_usecase=MLUsecase.CLASSIFICATION, display=None)
2021-08-01 06:34:15,866:INFO:Checking exceptions
2021-08-01 06:34:15,867:INFO:Preloading libraries
2021-08-01 06:34:17,754:INFO:Initializing load_model()
2021-08-01 06:34:17,755:INFO:load_model(model_name=autism-Child-2021-7-28, platform=None, authentication=None, verbose=True)
2021-08-01 06:34:17,786:INFO:Initializing predict_model()
2021-08-01 06:34:17,787:INFO:predict_model(estimator=Pipeline(steps=[('dtypes',
                 DataTypes_Auto_infer(ml_usecase='classification',
                                      target='Class/ASD')),
                ('imputer',
                 Simple_Imputer(categorical_strategy='not_available',
                                fill_value_categorical=None,
                                fill_value_numerical=None,
                                numeric_strategy='mean',
                                target_variable=None)),
                ('new_levels1',
                 New_Catagorical_Levels_in_TestData(replacement_strategy='least '
                                                                         'frequent',
                                                    t...
                ('binn', 'passthrough'), ('rem_outliers', 'passthrough'),
                ('cluster_all', 'passthrough'),
                ('dummy', Dummify(target='Class/ASD')),
                ('fix_perfect', 'passthrough'),
                ('clean_names', Clean_Colum_Names()),
                ('feature_select', 'passthrough'), ('fix_multi', 'passthrough'),
                ('dfs', 'passthrough'), ('pca', 'passthrough'),
                ['trained_model', DecisionTreeClassifier(random_state=215)]]), probability_threshold=None, encoded_labels=False, raw_score=False, round=4, verbose=True, ml_usecase=MLUsecase.CLASSIFICATION, display=None)
2021-08-01 06:34:17,787:INFO:Checking exceptions
2021-08-01 06:34:17,788:INFO:Preloading libraries
2021-08-01 06:34:20,772:INFO:Initializing load_model()
2021-08-01 06:34:20,772:INFO:load_model(model_name=autism-Child-2021-7-28, platform=None, authentication=None, verbose=True)
2021-08-01 06:34:20,808:INFO:Initializing predict_model()
2021-08-01 06:34:20,814:INFO:predict_model(estimator=Pipeline(steps=[('dtypes',
                 DataTypes_Auto_infer(ml_usecase='classification',
                                      target='Class/ASD')),
                ('imputer',
                 Simple_Imputer(categorical_strategy='not_available',
                                fill_value_categorical=None,
                                fill_value_numerical=None,
                                numeric_strategy='mean',
                                target_variable=None)),
                ('new_levels1',
                 New_Catagorical_Levels_in_TestData(replacement_strategy='least '
                                                                         'frequent',
                                                    t...
                ('binn', 'passthrough'), ('rem_outliers', 'passthrough'),
                ('cluster_all', 'passthrough'),
                ('dummy', Dummify(target='Class/ASD')),
                ('fix_perfect', 'passthrough'),
                ('clean_names', Clean_Colum_Names()),
                ('feature_select', 'passthrough'), ('fix_multi', 'passthrough'),
                ('dfs', 'passthrough'), ('pca', 'passthrough'),
                ['trained_model', DecisionTreeClassifier(random_state=215)]]), probability_threshold=None, encoded_labels=False, raw_score=False, round=4, verbose=True, ml_usecase=MLUsecase.CLASSIFICATION, display=None)
2021-08-01 06:34:20,818:INFO:Checking exceptions
2021-08-01 06:34:20,818:INFO:Preloading libraries
2021-08-01 06:34:23,933:INFO:Initializing load_model()
2021-08-01 06:34:23,934:INFO:load_model(model_name=autism-Child-2021-7-28, platform=None, authentication=None, verbose=True)
2021-08-01 06:34:23,968:INFO:Initializing predict_model()
2021-08-01 06:34:23,968:INFO:predict_model(estimator=Pipeline(steps=[('dtypes',
                 DataTypes_Auto_infer(ml_usecase='classification',
                                      target='Class/ASD')),
                ('imputer',
                 Simple_Imputer(categorical_strategy='not_available',
                                fill_value_categorical=None,
                                fill_value_numerical=None,
                                numeric_strategy='mean',
                                target_variable=None)),
                ('new_levels1',
                 New_Catagorical_Levels_in_TestData(replacement_strategy='least '
                                                                         'frequent',
                                                    t...
                ('binn', 'passthrough'), ('rem_outliers', 'passthrough'),
                ('cluster_all', 'passthrough'),
                ('dummy', Dummify(target='Class/ASD')),
                ('fix_perfect', 'passthrough'),
                ('clean_names', Clean_Colum_Names()),
                ('feature_select', 'passthrough'), ('fix_multi', 'passthrough'),
                ('dfs', 'passthrough'), ('pca', 'passthrough'),
                ['trained_model', DecisionTreeClassifier(random_state=215)]]), probability_threshold=None, encoded_labels=False, raw_score=False, round=4, verbose=True, ml_usecase=MLUsecase.CLASSIFICATION, display=None)
2021-08-01 06:34:23,970:INFO:Checking exceptions
2021-08-01 06:34:23,971:INFO:Preloading libraries
2021-08-01 06:35:04,872:INFO:Initializing load_model()
2021-08-01 06:35:04,878:INFO:load_model(model_name=autism-Toddler2021-7-28, platform=None, authentication=None, verbose=True)
2021-08-01 06:35:04,985:INFO:Initializing predict_model()
2021-08-01 06:35:04,995:INFO:predict_model(estimator=Pipeline(steps=[('dtypes',
                 DataTypes_Auto_infer(ml_usecase='classification',
                                      target='Class/ASD')),
                ('imputer',
                 Simple_Imputer(categorical_strategy='not_available',
                                fill_value_categorical=None,
                                fill_value_numerical=None,
                                numeric_strategy='mean',
                                target_variable=None)),
                ('new_levels1',
                 New_Catagorical_Levels_in_TestData(replacement_strategy='least '
                                                                         'frequent',
                                                    t...
                ('binn', 'passthrough'), ('rem_outliers', 'passthrough'),
                ('cluster_all', 'passthrough'),
                ('dummy', Dummify(target='Class/ASD')),
                ('fix_perfect', 'passthrough'),
                ('clean_names', Clean_Colum_Names()),
                ('feature_select', 'passthrough'), ('fix_multi', 'passthrough'),
                ('dfs', 'passthrough'), ('pca', 'passthrough'),
                ['trained_model', DecisionTreeClassifier(random_state=6769)]]), probability_threshold=None, encoded_labels=False, raw_score=False, round=4, verbose=True, ml_usecase=MLUsecase.CLASSIFICATION, display=None)
2021-08-01 06:35:04,999:INFO:Checking exceptions
2021-08-01 06:35:04,999:INFO:Preloading libraries
2021-08-01 06:35:06,867:INFO:Initializing load_model()
2021-08-01 06:35:06,868:INFO:load_model(model_name=autism-Child-2021-7-28, platform=None, authentication=None, verbose=True)
2021-08-01 06:35:06,900:INFO:Initializing predict_model()
2021-08-01 06:35:06,901:INFO:predict_model(estimator=Pipeline(steps=[('dtypes',
                 DataTypes_Auto_infer(ml_usecase='classification',
                                      target='Class/ASD')),
                ('imputer',
                 Simple_Imputer(categorical_strategy='not_available',
                                fill_value_categorical=None,
                                fill_value_numerical=None,
                                numeric_strategy='mean',
                                target_variable=None)),
                ('new_levels1',
                 New_Catagorical_Levels_in_TestData(replacement_strategy='least '
                                                                         'frequent',
                                                    t...
                ('binn', 'passthrough'), ('rem_outliers', 'passthrough'),
                ('cluster_all', 'passthrough'),
                ('dummy', Dummify(target='Class/ASD')),
                ('fix_perfect', 'passthrough'),
                ('clean_names', Clean_Colum_Names()),
                ('feature_select', 'passthrough'), ('fix_multi', 'passthrough'),
                ('dfs', 'passthrough'), ('pca', 'passthrough'),
                ['trained_model', DecisionTreeClassifier(random_state=215)]]), probability_threshold=None, encoded_labels=False, raw_score=False, round=4, verbose=True, ml_usecase=MLUsecase.CLASSIFICATION, display=None)
2021-08-01 06:35:06,909:INFO:Checking exceptions
2021-08-01 06:35:06,913:INFO:Preloading libraries
2021-08-01 06:35:09,227:INFO:Initializing load_model()
2021-08-01 06:35:09,227:INFO:load_model(model_name=autism-Child-2021-7-28, platform=None, authentication=None, verbose=True)
2021-08-01 06:35:09,274:INFO:Initializing predict_model()
2021-08-01 06:35:09,287:INFO:predict_model(estimator=Pipeline(steps=[('dtypes',
                 DataTypes_Auto_infer(ml_usecase='classification',
                                      target='Class/ASD')),
                ('imputer',
                 Simple_Imputer(categorical_strategy='not_available',
                                fill_value_categorical=None,
                                fill_value_numerical=None,
                                numeric_strategy='mean',
                                target_variable=None)),
                ('new_levels1',
                 New_Catagorical_Levels_in_TestData(replacement_strategy='least '
                                                                         'frequent',
                                                    t...
                ('binn', 'passthrough'), ('rem_outliers', 'passthrough'),
                ('cluster_all', 'passthrough'),
                ('dummy', Dummify(target='Class/ASD')),
                ('fix_perfect', 'passthrough'),
                ('clean_names', Clean_Colum_Names()),
                ('feature_select', 'passthrough'), ('fix_multi', 'passthrough'),
                ('dfs', 'passthrough'), ('pca', 'passthrough'),
                ['trained_model', DecisionTreeClassifier(random_state=215)]]), probability_threshold=None, encoded_labels=False, raw_score=False, round=4, verbose=True, ml_usecase=MLUsecase.CLASSIFICATION, display=None)
2021-08-01 06:35:09,288:INFO:Checking exceptions
2021-08-01 06:35:09,290:INFO:Preloading libraries
2021-08-01 06:35:11,695:INFO:Initializing load_model()
2021-08-01 06:35:11,695:INFO:load_model(model_name=autism-Child-2021-7-28, platform=None, authentication=None, verbose=True)
2021-08-01 06:35:11,728:INFO:Initializing predict_model()
2021-08-01 06:35:11,729:INFO:predict_model(estimator=Pipeline(steps=[('dtypes',
                 DataTypes_Auto_infer(ml_usecase='classification',
                                      target='Class/ASD')),
                ('imputer',
                 Simple_Imputer(categorical_strategy='not_available',
                                fill_value_categorical=None,
                                fill_value_numerical=None,
                                numeric_strategy='mean',
                                target_variable=None)),
                ('new_levels1',
                 New_Catagorical_Levels_in_TestData(replacement_strategy='least '
                                                                         'frequent',
                                                    t...
                ('binn', 'passthrough'), ('rem_outliers', 'passthrough'),
                ('cluster_all', 'passthrough'),
                ('dummy', Dummify(target='Class/ASD')),
                ('fix_perfect', 'passthrough'),
                ('clean_names', Clean_Colum_Names()),
                ('feature_select', 'passthrough'), ('fix_multi', 'passthrough'),
                ('dfs', 'passthrough'), ('pca', 'passthrough'),
                ['trained_model', DecisionTreeClassifier(random_state=215)]]), probability_threshold=None, encoded_labels=False, raw_score=False, round=4, verbose=True, ml_usecase=MLUsecase.CLASSIFICATION, display=None)
2021-08-01 06:35:11,730:INFO:Checking exceptions
2021-08-01 06:35:11,731:INFO:Preloading libraries
2021-08-01 06:35:15,323:INFO:Initializing load_model()
2021-08-01 06:35:15,323:INFO:load_model(model_name=autism-Child-2021-7-28, platform=None, authentication=None, verbose=True)
2021-08-01 06:35:15,356:INFO:Initializing predict_model()
2021-08-01 06:35:15,357:INFO:predict_model(estimator=Pipeline(steps=[('dtypes',
                 DataTypes_Auto_infer(ml_usecase='classification',
                                      target='Class/ASD')),
                ('imputer',
                 Simple_Imputer(categorical_strategy='not_available',
                                fill_value_categorical=None,
                                fill_value_numerical=None,
                                numeric_strategy='mean',
                                target_variable=None)),
                ('new_levels1',
                 New_Catagorical_Levels_in_TestData(replacement_strategy='least '
                                                                         'frequent',
                                                    t...
                ('binn', 'passthrough'), ('rem_outliers', 'passthrough'),
                ('cluster_all', 'passthrough'),
                ('dummy', Dummify(target='Class/ASD')),
                ('fix_perfect', 'passthrough'),
                ('clean_names', Clean_Colum_Names()),
                ('feature_select', 'passthrough'), ('fix_multi', 'passthrough'),
                ('dfs', 'passthrough'), ('pca', 'passthrough'),
                ['trained_model', DecisionTreeClassifier(random_state=215)]]), probability_threshold=None, encoded_labels=False, raw_score=False, round=4, verbose=True, ml_usecase=MLUsecase.CLASSIFICATION, display=None)
2021-08-01 06:35:15,358:INFO:Checking exceptions
2021-08-01 06:35:15,361:INFO:Preloading libraries
2021-08-01 06:35:22,104:INFO:Initializing load_model()
2021-08-01 06:35:22,104:INFO:load_model(model_name=autism-Child-2021-7-28, platform=None, authentication=None, verbose=True)
2021-08-01 06:35:22,138:INFO:Initializing predict_model()
2021-08-01 06:35:22,139:INFO:predict_model(estimator=Pipeline(steps=[('dtypes',
                 DataTypes_Auto_infer(ml_usecase='classification',
                                      target='Class/ASD')),
                ('imputer',
                 Simple_Imputer(categorical_strategy='not_available',
                                fill_value_categorical=None,
                                fill_value_numerical=None,
                                numeric_strategy='mean',
                                target_variable=None)),
                ('new_levels1',
                 New_Catagorical_Levels_in_TestData(replacement_strategy='least '
                                                                         'frequent',
                                                    t...
                ('binn', 'passthrough'), ('rem_outliers', 'passthrough'),
                ('cluster_all', 'passthrough'),
                ('dummy', Dummify(target='Class/ASD')),
                ('fix_perfect', 'passthrough'),
                ('clean_names', Clean_Colum_Names()),
                ('feature_select', 'passthrough'), ('fix_multi', 'passthrough'),
                ('dfs', 'passthrough'), ('pca', 'passthrough'),
                ['trained_model', DecisionTreeClassifier(random_state=215)]]), probability_threshold=None, encoded_labels=False, raw_score=False, round=4, verbose=True, ml_usecase=MLUsecase.CLASSIFICATION, display=None)
2021-08-01 06:35:22,140:INFO:Checking exceptions
2021-08-01 06:35:22,141:INFO:Preloading libraries
2021-08-01 06:35:29,264:INFO:Initializing load_model()
2021-08-01 06:35:29,264:INFO:load_model(model_name=autism-Child-2021-7-28, platform=None, authentication=None, verbose=True)
2021-08-01 06:35:29,298:INFO:Initializing predict_model()
2021-08-01 06:35:29,303:INFO:predict_model(estimator=Pipeline(steps=[('dtypes',
                 DataTypes_Auto_infer(ml_usecase='classification',
                                      target='Class/ASD')),
                ('imputer',
                 Simple_Imputer(categorical_strategy='not_available',
                                fill_value_categorical=None,
                                fill_value_numerical=None,
                                numeric_strategy='mean',
                                target_variable=None)),
                ('new_levels1',
                 New_Catagorical_Levels_in_TestData(replacement_strategy='least '
                                                                         'frequent',
                                                    t...
                ('binn', 'passthrough'), ('rem_outliers', 'passthrough'),
                ('cluster_all', 'passthrough'),
                ('dummy', Dummify(target='Class/ASD')),
                ('fix_perfect', 'passthrough'),
                ('clean_names', Clean_Colum_Names()),
                ('feature_select', 'passthrough'), ('fix_multi', 'passthrough'),
                ('dfs', 'passthrough'), ('pca', 'passthrough'),
                ['trained_model', DecisionTreeClassifier(random_state=215)]]), probability_threshold=None, encoded_labels=False, raw_score=False, round=4, verbose=True, ml_usecase=MLUsecase.CLASSIFICATION, display=None)
2021-08-01 06:35:29,314:INFO:Checking exceptions
2021-08-01 06:35:29,315:INFO:Preloading libraries
2021-08-01 06:35:31,283:INFO:Initializing load_model()
2021-08-01 06:35:31,284:INFO:load_model(model_name=autism-Child-2021-7-28, platform=None, authentication=None, verbose=True)
2021-08-01 06:35:31,312:INFO:Initializing predict_model()
2021-08-01 06:35:31,313:INFO:predict_model(estimator=Pipeline(steps=[('dtypes',
                 DataTypes_Auto_infer(ml_usecase='classification',
                                      target='Class/ASD')),
                ('imputer',
                 Simple_Imputer(categorical_strategy='not_available',
                                fill_value_categorical=None,
                                fill_value_numerical=None,
                                numeric_strategy='mean',
                                target_variable=None)),
                ('new_levels1',
                 New_Catagorical_Levels_in_TestData(replacement_strategy='least '
                                                                         'frequent',
                                                    t...
                ('binn', 'passthrough'), ('rem_outliers', 'passthrough'),
                ('cluster_all', 'passthrough'),
                ('dummy', Dummify(target='Class/ASD')),
                ('fix_perfect', 'passthrough'),
                ('clean_names', Clean_Colum_Names()),
                ('feature_select', 'passthrough'), ('fix_multi', 'passthrough'),
                ('dfs', 'passthrough'), ('pca', 'passthrough'),
                ['trained_model', DecisionTreeClassifier(random_state=215)]]), probability_threshold=None, encoded_labels=False, raw_score=False, round=4, verbose=True, ml_usecase=MLUsecase.CLASSIFICATION, display=None)
2021-08-01 06:35:31,315:INFO:Checking exceptions
2021-08-01 06:35:31,316:INFO:Preloading libraries
2021-08-01 06:43:23,979:INFO:Initializing load_model()
2021-08-01 06:43:23,979:INFO:load_model(model_name=autism-Child-2021-7-28, platform=None, authentication=None, verbose=True)
2021-08-01 06:43:24,020:INFO:Initializing predict_model()
2021-08-01 06:43:24,021:INFO:predict_model(estimator=Pipeline(steps=[('dtypes',
                 DataTypes_Auto_infer(ml_usecase='classification',
                                      target='Class/ASD')),
                ('imputer',
                 Simple_Imputer(categorical_strategy='not_available',
                                fill_value_categorical=None,
                                fill_value_numerical=None,
                                numeric_strategy='mean',
                                target_variable=None)),
                ('new_levels1',
                 New_Catagorical_Levels_in_TestData(replacement_strategy='least '
                                                                         'frequent',
                                                    t...
                ('binn', 'passthrough'), ('rem_outliers', 'passthrough'),
                ('cluster_all', 'passthrough'),
                ('dummy', Dummify(target='Class/ASD')),
                ('fix_perfect', 'passthrough'),
                ('clean_names', Clean_Colum_Names()),
                ('feature_select', 'passthrough'), ('fix_multi', 'passthrough'),
                ('dfs', 'passthrough'), ('pca', 'passthrough'),
                ['trained_model', DecisionTreeClassifier(random_state=215)]]), probability_threshold=None, encoded_labels=False, raw_score=False, round=4, verbose=True, ml_usecase=MLUsecase.CLASSIFICATION, display=None)
2021-08-01 06:43:24,021:INFO:Checking exceptions
2021-08-01 06:43:24,022:INFO:Preloading libraries
2021-08-01 06:43:25,767:INFO:Initializing load_model()
2021-08-01 06:43:25,767:INFO:load_model(model_name=autism-Child-2021-7-28, platform=None, authentication=None, verbose=True)
2021-08-01 06:43:25,798:INFO:Initializing predict_model()
2021-08-01 06:43:25,799:INFO:predict_model(estimator=Pipeline(steps=[('dtypes',
                 DataTypes_Auto_infer(ml_usecase='classification',
                                      target='Class/ASD')),
                ('imputer',
                 Simple_Imputer(categorical_strategy='not_available',
                                fill_value_categorical=None,
                                fill_value_numerical=None,
                                numeric_strategy='mean',
                                target_variable=None)),
                ('new_levels1',
                 New_Catagorical_Levels_in_TestData(replacement_strategy='least '
                                                                         'frequent',
                                                    t...
                ('binn', 'passthrough'), ('rem_outliers', 'passthrough'),
                ('cluster_all', 'passthrough'),
                ('dummy', Dummify(target='Class/ASD')),
                ('fix_perfect', 'passthrough'),
                ('clean_names', Clean_Colum_Names()),
                ('feature_select', 'passthrough'), ('fix_multi', 'passthrough'),
                ('dfs', 'passthrough'), ('pca', 'passthrough'),
                ['trained_model', DecisionTreeClassifier(random_state=215)]]), probability_threshold=None, encoded_labels=False, raw_score=False, round=4, verbose=True, ml_usecase=MLUsecase.CLASSIFICATION, display=None)
2021-08-01 06:43:25,802:INFO:Checking exceptions
2021-08-01 06:43:25,803:INFO:Preloading libraries
2021-08-01 06:43:34,939:INFO:Initializing load_model()
2021-08-01 06:43:34,940:INFO:load_model(model_name=autism-Child-2021-7-28, platform=None, authentication=None, verbose=True)
2021-08-01 06:43:34,971:INFO:Initializing predict_model()
2021-08-01 06:43:34,972:INFO:predict_model(estimator=Pipeline(steps=[('dtypes',
                 DataTypes_Auto_infer(ml_usecase='classification',
                                      target='Class/ASD')),
                ('imputer',
                 Simple_Imputer(categorical_strategy='not_available',
                                fill_value_categorical=None,
                                fill_value_numerical=None,
                                numeric_strategy='mean',
                                target_variable=None)),
                ('new_levels1',
                 New_Catagorical_Levels_in_TestData(replacement_strategy='least '
                                                                         'frequent',
                                                    t...
                ('binn', 'passthrough'), ('rem_outliers', 'passthrough'),
                ('cluster_all', 'passthrough'),
                ('dummy', Dummify(target='Class/ASD')),
                ('fix_perfect', 'passthrough'),
                ('clean_names', Clean_Colum_Names()),
                ('feature_select', 'passthrough'), ('fix_multi', 'passthrough'),
                ('dfs', 'passthrough'), ('pca', 'passthrough'),
                ['trained_model', DecisionTreeClassifier(random_state=215)]]), probability_threshold=None, encoded_labels=False, raw_score=False, round=4, verbose=True, ml_usecase=MLUsecase.CLASSIFICATION, display=None)
2021-08-01 06:43:34,973:INFO:Checking exceptions
2021-08-01 06:43:34,974:INFO:Preloading libraries
2021-08-01 06:43:56,212:INFO:Initializing load_model()
2021-08-01 06:43:56,213:INFO:load_model(model_name=autism-Child-2021-7-28, platform=None, authentication=None, verbose=True)
2021-08-01 06:43:56,274:INFO:Initializing predict_model()
2021-08-01 06:43:56,277:INFO:predict_model(estimator=Pipeline(steps=[('dtypes',
                 DataTypes_Auto_infer(ml_usecase='classification',
                                      target='Class/ASD')),
                ('imputer',
                 Simple_Imputer(categorical_strategy='not_available',
                                fill_value_categorical=None,
                                fill_value_numerical=None,
                                numeric_strategy='mean',
                                target_variable=None)),
                ('new_levels1',
                 New_Catagorical_Levels_in_TestData(replacement_strategy='least '
                                                                         'frequent',
                                                    t...
                ('binn', 'passthrough'), ('rem_outliers', 'passthrough'),
                ('cluster_all', 'passthrough'),
                ('dummy', Dummify(target='Class/ASD')),
                ('fix_perfect', 'passthrough'),
                ('clean_names', Clean_Colum_Names()),
                ('feature_select', 'passthrough'), ('fix_multi', 'passthrough'),
                ('dfs', 'passthrough'), ('pca', 'passthrough'),
                ['trained_model', DecisionTreeClassifier(random_state=215)]]), probability_threshold=None, encoded_labels=False, raw_score=False, round=4, verbose=True, ml_usecase=MLUsecase.CLASSIFICATION, display=None)
2021-08-01 06:43:56,278:INFO:Checking exceptions
2021-08-01 06:43:56,278:INFO:Preloading libraries
2021-08-01 06:44:20,178:INFO:Initializing load_model()
2021-08-01 06:44:20,179:INFO:load_model(model_name=autism-Child-2021-7-28, platform=None, authentication=None, verbose=True)
2021-08-01 06:44:20,211:INFO:Initializing predict_model()
2021-08-01 06:44:20,212:INFO:predict_model(estimator=Pipeline(steps=[('dtypes',
                 DataTypes_Auto_infer(ml_usecase='classification',
                                      target='Class/ASD')),
                ('imputer',
                 Simple_Imputer(categorical_strategy='not_available',
                                fill_value_categorical=None,
                                fill_value_numerical=None,
                                numeric_strategy='mean',
                                target_variable=None)),
                ('new_levels1',
                 New_Catagorical_Levels_in_TestData(replacement_strategy='least '
                                                                         'frequent',
                                                    t...
                ('binn', 'passthrough'), ('rem_outliers', 'passthrough'),
                ('cluster_all', 'passthrough'),
                ('dummy', Dummify(target='Class/ASD')),
                ('fix_perfect', 'passthrough'),
                ('clean_names', Clean_Colum_Names()),
                ('feature_select', 'passthrough'), ('fix_multi', 'passthrough'),
                ('dfs', 'passthrough'), ('pca', 'passthrough'),
                ['trained_model', DecisionTreeClassifier(random_state=215)]]), probability_threshold=None, encoded_labels=False, raw_score=False, round=4, verbose=True, ml_usecase=MLUsecase.CLASSIFICATION, display=None)
2021-08-01 06:44:20,216:INFO:Checking exceptions
2021-08-01 06:44:20,217:INFO:Preloading libraries
2021-08-01 06:44:22,200:INFO:Initializing load_model()
2021-08-01 06:44:22,201:INFO:load_model(model_name=autism-Child-2021-7-28, platform=None, authentication=None, verbose=True)
2021-08-01 06:44:22,236:INFO:Initializing predict_model()
2021-08-01 06:44:22,237:INFO:predict_model(estimator=Pipeline(steps=[('dtypes',
                 DataTypes_Auto_infer(ml_usecase='classification',
                                      target='Class/ASD')),
                ('imputer',
                 Simple_Imputer(categorical_strategy='not_available',
                                fill_value_categorical=None,
                                fill_value_numerical=None,
                                numeric_strategy='mean',
                                target_variable=None)),
                ('new_levels1',
                 New_Catagorical_Levels_in_TestData(replacement_strategy='least '
                                                                         'frequent',
                                                    t...
                ('binn', 'passthrough'), ('rem_outliers', 'passthrough'),
                ('cluster_all', 'passthrough'),
                ('dummy', Dummify(target='Class/ASD')),
                ('fix_perfect', 'passthrough'),
                ('clean_names', Clean_Colum_Names()),
                ('feature_select', 'passthrough'), ('fix_multi', 'passthrough'),
                ('dfs', 'passthrough'), ('pca', 'passthrough'),
                ['trained_model', DecisionTreeClassifier(random_state=215)]]), probability_threshold=None, encoded_labels=False, raw_score=False, round=4, verbose=True, ml_usecase=MLUsecase.CLASSIFICATION, display=None)
2021-08-01 06:44:22,238:INFO:Checking exceptions
2021-08-01 06:44:22,239:INFO:Preloading libraries
2021-08-01 06:44:24,134:INFO:Initializing load_model()
2021-08-01 06:44:24,135:INFO:load_model(model_name=autism-Child-2021-7-28, platform=None, authentication=None, verbose=True)
2021-08-01 06:44:24,167:INFO:Initializing predict_model()
2021-08-01 06:44:24,168:INFO:predict_model(estimator=Pipeline(steps=[('dtypes',
                 DataTypes_Auto_infer(ml_usecase='classification',
                                      target='Class/ASD')),
                ('imputer',
                 Simple_Imputer(categorical_strategy='not_available',
                                fill_value_categorical=None,
                                fill_value_numerical=None,
                                numeric_strategy='mean',
                                target_variable=None)),
                ('new_levels1',
                 New_Catagorical_Levels_in_TestData(replacement_strategy='least '
                                                                         'frequent',
                                                    t...
                ('binn', 'passthrough'), ('rem_outliers', 'passthrough'),
                ('cluster_all', 'passthrough'),
                ('dummy', Dummify(target='Class/ASD')),
                ('fix_perfect', 'passthrough'),
                ('clean_names', Clean_Colum_Names()),
                ('feature_select', 'passthrough'), ('fix_multi', 'passthrough'),
                ('dfs', 'passthrough'), ('pca', 'passthrough'),
                ['trained_model', DecisionTreeClassifier(random_state=215)]]), probability_threshold=None, encoded_labels=False, raw_score=False, round=4, verbose=True, ml_usecase=MLUsecase.CLASSIFICATION, display=None)
2021-08-01 06:44:24,168:INFO:Checking exceptions
2021-08-01 06:44:24,169:INFO:Preloading libraries
2021-08-01 06:44:27,339:INFO:Initializing load_model()
2021-08-01 06:44:27,339:INFO:load_model(model_name=autism-Child-2021-7-28, platform=None, authentication=None, verbose=True)
2021-08-01 06:44:27,367:INFO:Initializing predict_model()
2021-08-01 06:44:27,367:INFO:predict_model(estimator=Pipeline(steps=[('dtypes',
                 DataTypes_Auto_infer(ml_usecase='classification',
                                      target='Class/ASD')),
                ('imputer',
                 Simple_Imputer(categorical_strategy='not_available',
                                fill_value_categorical=None,
                                fill_value_numerical=None,
                                numeric_strategy='mean',
                                target_variable=None)),
                ('new_levels1',
                 New_Catagorical_Levels_in_TestData(replacement_strategy='least '
                                                                         'frequent',
                                                    t...
                ('binn', 'passthrough'), ('rem_outliers', 'passthrough'),
                ('cluster_all', 'passthrough'),
                ('dummy', Dummify(target='Class/ASD')),
                ('fix_perfect', 'passthrough'),
                ('clean_names', Clean_Colum_Names()),
                ('feature_select', 'passthrough'), ('fix_multi', 'passthrough'),
                ('dfs', 'passthrough'), ('pca', 'passthrough'),
                ['trained_model', DecisionTreeClassifier(random_state=215)]]), probability_threshold=None, encoded_labels=False, raw_score=False, round=4, verbose=True, ml_usecase=MLUsecase.CLASSIFICATION, display=None)
2021-08-01 06:44:27,367:INFO:Checking exceptions
2021-08-01 06:44:27,368:INFO:Preloading libraries
2021-08-01 06:44:30,690:INFO:Initializing load_model()
2021-08-01 06:44:30,690:INFO:load_model(model_name=autism-Child-2021-7-28, platform=None, authentication=None, verbose=True)
2021-08-01 06:44:30,720:INFO:Initializing predict_model()
2021-08-01 06:44:30,720:INFO:predict_model(estimator=Pipeline(steps=[('dtypes',
                 DataTypes_Auto_infer(ml_usecase='classification',
                                      target='Class/ASD')),
                ('imputer',
                 Simple_Imputer(categorical_strategy='not_available',
                                fill_value_categorical=None,
                                fill_value_numerical=None,
                                numeric_strategy='mean',
                                target_variable=None)),
                ('new_levels1',
                 New_Catagorical_Levels_in_TestData(replacement_strategy='least '
                                                                         'frequent',
                                                    t...
                ('binn', 'passthrough'), ('rem_outliers', 'passthrough'),
                ('cluster_all', 'passthrough'),
                ('dummy', Dummify(target='Class/ASD')),
                ('fix_perfect', 'passthrough'),
                ('clean_names', Clean_Colum_Names()),
                ('feature_select', 'passthrough'), ('fix_multi', 'passthrough'),
                ('dfs', 'passthrough'), ('pca', 'passthrough'),
                ['trained_model', DecisionTreeClassifier(random_state=215)]]), probability_threshold=None, encoded_labels=False, raw_score=False, round=4, verbose=True, ml_usecase=MLUsecase.CLASSIFICATION, display=None)
2021-08-01 06:44:30,721:INFO:Checking exceptions
2021-08-01 06:44:30,721:INFO:Preloading libraries
2021-08-01 06:48:07,593:INFO:Initializing load_model()
2021-08-01 06:48:07,594:INFO:load_model(model_name=autism-Child-2021-7-28, platform=None, authentication=None, verbose=True)
2021-08-01 06:48:07,628:INFO:Initializing predict_model()
2021-08-01 06:48:07,629:INFO:predict_model(estimator=Pipeline(steps=[('dtypes',
                 DataTypes_Auto_infer(ml_usecase='classification',
                                      target='Class/ASD')),
                ('imputer',
                 Simple_Imputer(categorical_strategy='not_available',
                                fill_value_categorical=None,
                                fill_value_numerical=None,
                                numeric_strategy='mean',
                                target_variable=None)),
                ('new_levels1',
                 New_Catagorical_Levels_in_TestData(replacement_strategy='least '
                                                                         'frequent',
                                                    t...
                ('binn', 'passthrough'), ('rem_outliers', 'passthrough'),
                ('cluster_all', 'passthrough'),
                ('dummy', Dummify(target='Class/ASD')),
                ('fix_perfect', 'passthrough'),
                ('clean_names', Clean_Colum_Names()),
                ('feature_select', 'passthrough'), ('fix_multi', 'passthrough'),
                ('dfs', 'passthrough'), ('pca', 'passthrough'),
                ['trained_model', DecisionTreeClassifier(random_state=215)]]), probability_threshold=None, encoded_labels=False, raw_score=False, round=4, verbose=True, ml_usecase=MLUsecase.CLASSIFICATION, display=None)
2021-08-01 06:48:07,630:INFO:Checking exceptions
2021-08-01 06:48:07,631:INFO:Preloading libraries
2021-08-01 06:48:09,697:INFO:Initializing load_model()
2021-08-01 06:48:09,698:INFO:load_model(model_name=autism-Child-2021-7-28, platform=None, authentication=None, verbose=True)
2021-08-01 06:48:09,743:INFO:Initializing predict_model()
2021-08-01 06:48:09,745:INFO:predict_model(estimator=Pipeline(steps=[('dtypes',
                 DataTypes_Auto_infer(ml_usecase='classification',
                                      target='Class/ASD')),
                ('imputer',
                 Simple_Imputer(categorical_strategy='not_available',
                                fill_value_categorical=None,
                                fill_value_numerical=None,
                                numeric_strategy='mean',
                                target_variable=None)),
                ('new_levels1',
                 New_Catagorical_Levels_in_TestData(replacement_strategy='least '
                                                                         'frequent',
                                                    t...
                ('binn', 'passthrough'), ('rem_outliers', 'passthrough'),
                ('cluster_all', 'passthrough'),
                ('dummy', Dummify(target='Class/ASD')),
                ('fix_perfect', 'passthrough'),
                ('clean_names', Clean_Colum_Names()),
                ('feature_select', 'passthrough'), ('fix_multi', 'passthrough'),
                ('dfs', 'passthrough'), ('pca', 'passthrough'),
                ['trained_model', DecisionTreeClassifier(random_state=215)]]), probability_threshold=None, encoded_labels=False, raw_score=False, round=4, verbose=True, ml_usecase=MLUsecase.CLASSIFICATION, display=None)
2021-08-01 06:48:09,747:INFO:Checking exceptions
2021-08-01 06:48:09,747:INFO:Preloading libraries
2021-08-01 06:48:15,622:INFO:Initializing load_model()
2021-08-01 06:48:15,622:INFO:load_model(model_name=autism-Child-2021-7-28, platform=None, authentication=None, verbose=True)
2021-08-01 06:48:15,656:INFO:Initializing predict_model()
2021-08-01 06:48:15,656:INFO:predict_model(estimator=Pipeline(steps=[('dtypes',
                 DataTypes_Auto_infer(ml_usecase='classification',
                                      target='Class/ASD')),
                ('imputer',
                 Simple_Imputer(categorical_strategy='not_available',
                                fill_value_categorical=None,
                                fill_value_numerical=None,
                                numeric_strategy='mean',
                                target_variable=None)),
                ('new_levels1',
                 New_Catagorical_Levels_in_TestData(replacement_strategy='least '
                                                                         'frequent',
                                                    t...
                ('binn', 'passthrough'), ('rem_outliers', 'passthrough'),
                ('cluster_all', 'passthrough'),
                ('dummy', Dummify(target='Class/ASD')),
                ('fix_perfect', 'passthrough'),
                ('clean_names', Clean_Colum_Names()),
                ('feature_select', 'passthrough'), ('fix_multi', 'passthrough'),
                ('dfs', 'passthrough'), ('pca', 'passthrough'),
                ['trained_model', DecisionTreeClassifier(random_state=215)]]), probability_threshold=None, encoded_labels=False, raw_score=False, round=4, verbose=True, ml_usecase=MLUsecase.CLASSIFICATION, display=None)
2021-08-01 06:48:15,660:INFO:Checking exceptions
2021-08-01 06:48:15,661:INFO:Preloading libraries
2021-08-01 06:48:23,306:INFO:Initializing load_model()
2021-08-01 06:48:23,307:INFO:load_model(model_name=autism-Child-2021-7-28, platform=None, authentication=None, verbose=True)
2021-08-01 06:48:23,339:INFO:Initializing predict_model()
2021-08-01 06:48:23,341:INFO:predict_model(estimator=Pipeline(steps=[('dtypes',
                 DataTypes_Auto_infer(ml_usecase='classification',
                                      target='Class/ASD')),
                ('imputer',
                 Simple_Imputer(categorical_strategy='not_available',
                                fill_value_categorical=None,
                                fill_value_numerical=None,
                                numeric_strategy='mean',
                                target_variable=None)),
                ('new_levels1',
                 New_Catagorical_Levels_in_TestData(replacement_strategy='least '
                                                                         'frequent',
                                                    t...
                ('binn', 'passthrough'), ('rem_outliers', 'passthrough'),
                ('cluster_all', 'passthrough'),
                ('dummy', Dummify(target='Class/ASD')),
                ('fix_perfect', 'passthrough'),
                ('clean_names', Clean_Colum_Names()),
                ('feature_select', 'passthrough'), ('fix_multi', 'passthrough'),
                ('dfs', 'passthrough'), ('pca', 'passthrough'),
                ['trained_model', DecisionTreeClassifier(random_state=215)]]), probability_threshold=None, encoded_labels=False, raw_score=False, round=4, verbose=True, ml_usecase=MLUsecase.CLASSIFICATION, display=None)
2021-08-01 06:48:23,342:INFO:Checking exceptions
2021-08-01 06:48:23,342:INFO:Preloading libraries
2021-08-01 06:48:25,182:INFO:Initializing load_model()
2021-08-01 06:48:25,182:INFO:load_model(model_name=autism-Child-2021-7-28, platform=None, authentication=None, verbose=True)
2021-08-01 06:48:25,209:INFO:Initializing predict_model()
2021-08-01 06:48:25,210:INFO:predict_model(estimator=Pipeline(steps=[('dtypes',
                 DataTypes_Auto_infer(ml_usecase='classification',
                                      target='Class/ASD')),
                ('imputer',
                 Simple_Imputer(categorical_strategy='not_available',
                                fill_value_categorical=None,
                                fill_value_numerical=None,
                                numeric_strategy='mean',
                                target_variable=None)),
                ('new_levels1',
                 New_Catagorical_Levels_in_TestData(replacement_strategy='least '
                                                                         'frequent',
                                                    t...
                ('binn', 'passthrough'), ('rem_outliers', 'passthrough'),
                ('cluster_all', 'passthrough'),
                ('dummy', Dummify(target='Class/ASD')),
                ('fix_perfect', 'passthrough'),
                ('clean_names', Clean_Colum_Names()),
                ('feature_select', 'passthrough'), ('fix_multi', 'passthrough'),
                ('dfs', 'passthrough'), ('pca', 'passthrough'),
                ['trained_model', DecisionTreeClassifier(random_state=215)]]), probability_threshold=None, encoded_labels=False, raw_score=False, round=4, verbose=True, ml_usecase=MLUsecase.CLASSIFICATION, display=None)
2021-08-01 06:48:25,210:INFO:Checking exceptions
2021-08-01 06:48:25,211:INFO:Preloading libraries
2021-08-01 06:48:28,174:INFO:Initializing load_model()
2021-08-01 06:48:28,175:INFO:load_model(model_name=autism-Child-2021-7-28, platform=None, authentication=None, verbose=True)
2021-08-01 06:48:28,205:INFO:Initializing predict_model()
2021-08-01 06:48:28,205:INFO:predict_model(estimator=Pipeline(steps=[('dtypes',
                 DataTypes_Auto_infer(ml_usecase='classification',
                                      target='Class/ASD')),
                ('imputer',
                 Simple_Imputer(categorical_strategy='not_available',
                                fill_value_categorical=None,
                                fill_value_numerical=None,
                                numeric_strategy='mean',
                                target_variable=None)),
                ('new_levels1',
                 New_Catagorical_Levels_in_TestData(replacement_strategy='least '
                                                                         'frequent',
                                                    t...
                ('binn', 'passthrough'), ('rem_outliers', 'passthrough'),
                ('cluster_all', 'passthrough'),
                ('dummy', Dummify(target='Class/ASD')),
                ('fix_perfect', 'passthrough'),
                ('clean_names', Clean_Colum_Names()),
                ('feature_select', 'passthrough'), ('fix_multi', 'passthrough'),
                ('dfs', 'passthrough'), ('pca', 'passthrough'),
                ['trained_model', DecisionTreeClassifier(random_state=215)]]), probability_threshold=None, encoded_labels=False, raw_score=False, round=4, verbose=True, ml_usecase=MLUsecase.CLASSIFICATION, display=None)
2021-08-01 06:48:28,206:INFO:Checking exceptions
2021-08-01 06:48:28,206:INFO:Preloading libraries
2021-08-01 06:48:33,870:INFO:Initializing load_model()
2021-08-01 06:48:33,871:INFO:load_model(model_name=autism-Child-2021-7-28, platform=None, authentication=None, verbose=True)
2021-08-01 06:48:33,904:INFO:Initializing predict_model()
2021-08-01 06:48:33,905:INFO:predict_model(estimator=Pipeline(steps=[('dtypes',
                 DataTypes_Auto_infer(ml_usecase='classification',
                                      target='Class/ASD')),
                ('imputer',
                 Simple_Imputer(categorical_strategy='not_available',
                                fill_value_categorical=None,
                                fill_value_numerical=None,
                                numeric_strategy='mean',
                                target_variable=None)),
                ('new_levels1',
                 New_Catagorical_Levels_in_TestData(replacement_strategy='least '
                                                                         'frequent',
                                                    t...
                ('binn', 'passthrough'), ('rem_outliers', 'passthrough'),
                ('cluster_all', 'passthrough'),
                ('dummy', Dummify(target='Class/ASD')),
                ('fix_perfect', 'passthrough'),
                ('clean_names', Clean_Colum_Names()),
                ('feature_select', 'passthrough'), ('fix_multi', 'passthrough'),
                ('dfs', 'passthrough'), ('pca', 'passthrough'),
                ['trained_model', DecisionTreeClassifier(random_state=215)]]), probability_threshold=None, encoded_labels=False, raw_score=False, round=4, verbose=True, ml_usecase=MLUsecase.CLASSIFICATION, display=None)
2021-08-01 06:48:33,906:INFO:Checking exceptions
2021-08-01 06:48:33,908:INFO:Preloading libraries
2021-08-01 06:48:35,759:INFO:Initializing load_model()
2021-08-01 06:48:35,761:INFO:load_model(model_name=autism-Child-2021-7-28, platform=None, authentication=None, verbose=True)
2021-08-01 06:48:35,789:INFO:Initializing predict_model()
2021-08-01 06:48:35,790:INFO:predict_model(estimator=Pipeline(steps=[('dtypes',
                 DataTypes_Auto_infer(ml_usecase='classification',
                                      target='Class/ASD')),
                ('imputer',
                 Simple_Imputer(categorical_strategy='not_available',
                                fill_value_categorical=None,
                                fill_value_numerical=None,
                                numeric_strategy='mean',
                                target_variable=None)),
                ('new_levels1',
                 New_Catagorical_Levels_in_TestData(replacement_strategy='least '
                                                                         'frequent',
                                                    t...
                ('binn', 'passthrough'), ('rem_outliers', 'passthrough'),
                ('cluster_all', 'passthrough'),
                ('dummy', Dummify(target='Class/ASD')),
                ('fix_perfect', 'passthrough'),
                ('clean_names', Clean_Colum_Names()),
                ('feature_select', 'passthrough'), ('fix_multi', 'passthrough'),
                ('dfs', 'passthrough'), ('pca', 'passthrough'),
                ['trained_model', DecisionTreeClassifier(random_state=215)]]), probability_threshold=None, encoded_labels=False, raw_score=False, round=4, verbose=True, ml_usecase=MLUsecase.CLASSIFICATION, display=None)
2021-08-01 06:48:35,790:INFO:Checking exceptions
2021-08-01 06:48:35,791:INFO:Preloading libraries
2021-08-01 06:48:38,688:INFO:Initializing load_model()
2021-08-01 06:48:38,689:INFO:load_model(model_name=autism-Child-2021-7-28, platform=None, authentication=None, verbose=True)
2021-08-01 06:48:38,725:INFO:Initializing predict_model()
2021-08-01 06:48:38,726:INFO:predict_model(estimator=Pipeline(steps=[('dtypes',
                 DataTypes_Auto_infer(ml_usecase='classification',
                                      target='Class/ASD')),
                ('imputer',
                 Simple_Imputer(categorical_strategy='not_available',
                                fill_value_categorical=None,
                                fill_value_numerical=None,
                                numeric_strategy='mean',
                                target_variable=None)),
                ('new_levels1',
                 New_Catagorical_Levels_in_TestData(replacement_strategy='least '
                                                                         'frequent',
                                                    t...
                ('binn', 'passthrough'), ('rem_outliers', 'passthrough'),
                ('cluster_all', 'passthrough'),
                ('dummy', Dummify(target='Class/ASD')),
                ('fix_perfect', 'passthrough'),
                ('clean_names', Clean_Colum_Names()),
                ('feature_select', 'passthrough'), ('fix_multi', 'passthrough'),
                ('dfs', 'passthrough'), ('pca', 'passthrough'),
                ['trained_model', DecisionTreeClassifier(random_state=215)]]), probability_threshold=None, encoded_labels=False, raw_score=False, round=4, verbose=True, ml_usecase=MLUsecase.CLASSIFICATION, display=None)
2021-08-01 06:48:38,728:INFO:Checking exceptions
2021-08-01 06:48:38,728:INFO:Preloading libraries
2021-08-01 06:57:58,659:INFO:Initializing load_model()
2021-08-01 06:57:58,662:INFO:load_model(model_name=autism-Child-2021-7-28, platform=None, authentication=None, verbose=True)
2021-08-01 06:57:58,704:INFO:Initializing predict_model()
2021-08-01 06:57:58,706:INFO:predict_model(estimator=Pipeline(steps=[('dtypes',
                 DataTypes_Auto_infer(ml_usecase='classification',
                                      target='Class/ASD')),
                ('imputer',
                 Simple_Imputer(categorical_strategy='not_available',
                                fill_value_categorical=None,
                                fill_value_numerical=None,
                                numeric_strategy='mean',
                                target_variable=None)),
                ('new_levels1',
                 New_Catagorical_Levels_in_TestData(replacement_strategy='least '
                                                                         'frequent',
                                                    t...
                ('binn', 'passthrough'), ('rem_outliers', 'passthrough'),
                ('cluster_all', 'passthrough'),
                ('dummy', Dummify(target='Class/ASD')),
                ('fix_perfect', 'passthrough'),
                ('clean_names', Clean_Colum_Names()),
                ('feature_select', 'passthrough'), ('fix_multi', 'passthrough'),
                ('dfs', 'passthrough'), ('pca', 'passthrough'),
                ['trained_model', DecisionTreeClassifier(random_state=215)]]), probability_threshold=None, encoded_labels=False, raw_score=False, round=4, verbose=True, ml_usecase=MLUsecase.CLASSIFICATION, display=None)
2021-08-01 06:57:58,707:INFO:Checking exceptions
2021-08-01 06:57:58,707:INFO:Preloading libraries
2021-08-01 06:58:00,518:INFO:Initializing load_model()
2021-08-01 06:58:00,518:INFO:load_model(model_name=autism-Child-2021-7-28, platform=None, authentication=None, verbose=True)
2021-08-01 06:58:00,555:INFO:Initializing predict_model()
2021-08-01 06:58:00,555:INFO:predict_model(estimator=Pipeline(steps=[('dtypes',
                 DataTypes_Auto_infer(ml_usecase='classification',
                                      target='Class/ASD')),
                ('imputer',
                 Simple_Imputer(categorical_strategy='not_available',
                                fill_value_categorical=None,
                                fill_value_numerical=None,
                                numeric_strategy='mean',
                                target_variable=None)),
                ('new_levels1',
                 New_Catagorical_Levels_in_TestData(replacement_strategy='least '
                                                                         'frequent',
                                                    t...
                ('binn', 'passthrough'), ('rem_outliers', 'passthrough'),
                ('cluster_all', 'passthrough'),
                ('dummy', Dummify(target='Class/ASD')),
                ('fix_perfect', 'passthrough'),
                ('clean_names', Clean_Colum_Names()),
                ('feature_select', 'passthrough'), ('fix_multi', 'passthrough'),
                ('dfs', 'passthrough'), ('pca', 'passthrough'),
                ['trained_model', DecisionTreeClassifier(random_state=215)]]), probability_threshold=None, encoded_labels=False, raw_score=False, round=4, verbose=True, ml_usecase=MLUsecase.CLASSIFICATION, display=None)
2021-08-01 06:58:00,557:INFO:Checking exceptions
2021-08-01 06:58:00,559:INFO:Preloading libraries
2021-08-01 06:58:04,851:INFO:Initializing load_model()
2021-08-01 06:58:04,852:INFO:load_model(model_name=autism-Child-2021-7-28, platform=None, authentication=None, verbose=True)
2021-08-01 06:58:04,885:INFO:Initializing predict_model()
2021-08-01 06:58:04,886:INFO:predict_model(estimator=Pipeline(steps=[('dtypes',
                 DataTypes_Auto_infer(ml_usecase='classification',
                                      target='Class/ASD')),
                ('imputer',
                 Simple_Imputer(categorical_strategy='not_available',
                                fill_value_categorical=None,
                                fill_value_numerical=None,
                                numeric_strategy='mean',
                                target_variable=None)),
                ('new_levels1',
                 New_Catagorical_Levels_in_TestData(replacement_strategy='least '
                                                                         'frequent',
                                                    t...
                ('binn', 'passthrough'), ('rem_outliers', 'passthrough'),
                ('cluster_all', 'passthrough'),
                ('dummy', Dummify(target='Class/ASD')),
                ('fix_perfect', 'passthrough'),
                ('clean_names', Clean_Colum_Names()),
                ('feature_select', 'passthrough'), ('fix_multi', 'passthrough'),
                ('dfs', 'passthrough'), ('pca', 'passthrough'),
                ['trained_model', DecisionTreeClassifier(random_state=215)]]), probability_threshold=None, encoded_labels=False, raw_score=False, round=4, verbose=True, ml_usecase=MLUsecase.CLASSIFICATION, display=None)
2021-08-01 06:58:04,887:INFO:Checking exceptions
2021-08-01 06:58:04,888:INFO:Preloading libraries
2021-08-01 06:58:06,588:INFO:Initializing load_model()
2021-08-01 06:58:06,588:INFO:load_model(model_name=autism-Child-2021-7-28, platform=None, authentication=None, verbose=True)
2021-08-01 06:58:06,617:INFO:Initializing predict_model()
2021-08-01 06:58:06,617:INFO:predict_model(estimator=Pipeline(steps=[('dtypes',
                 DataTypes_Auto_infer(ml_usecase='classification',
                                      target='Class/ASD')),
                ('imputer',
                 Simple_Imputer(categorical_strategy='not_available',
                                fill_value_categorical=None,
                                fill_value_numerical=None,
                                numeric_strategy='mean',
                                target_variable=None)),
                ('new_levels1',
                 New_Catagorical_Levels_in_TestData(replacement_strategy='least '
                                                                         'frequent',
                                                    t...
                ('binn', 'passthrough'), ('rem_outliers', 'passthrough'),
                ('cluster_all', 'passthrough'),
                ('dummy', Dummify(target='Class/ASD')),
                ('fix_perfect', 'passthrough'),
                ('clean_names', Clean_Colum_Names()),
                ('feature_select', 'passthrough'), ('fix_multi', 'passthrough'),
                ('dfs', 'passthrough'), ('pca', 'passthrough'),
                ['trained_model', DecisionTreeClassifier(random_state=215)]]), probability_threshold=None, encoded_labels=False, raw_score=False, round=4, verbose=True, ml_usecase=MLUsecase.CLASSIFICATION, display=None)
2021-08-01 06:58:06,619:INFO:Checking exceptions
2021-08-01 06:58:06,620:INFO:Preloading libraries
2021-08-01 06:58:39,285:INFO:Initializing load_model()
2021-08-01 06:58:39,286:INFO:load_model(model_name=autism-Toddler2021-7-28, platform=None, authentication=None, verbose=True)
2021-08-01 06:58:39,338:INFO:Initializing predict_model()
2021-08-01 06:58:39,340:INFO:predict_model(estimator=Pipeline(steps=[('dtypes',
                 DataTypes_Auto_infer(ml_usecase='classification',
                                      target='Class/ASD')),
                ('imputer',
                 Simple_Imputer(categorical_strategy='not_available',
                                fill_value_categorical=None,
                                fill_value_numerical=None,
                                numeric_strategy='mean',
                                target_variable=None)),
                ('new_levels1',
                 New_Catagorical_Levels_in_TestData(replacement_strategy='least '
                                                                         'frequent',
                                                    t...
                ('binn', 'passthrough'), ('rem_outliers', 'passthrough'),
                ('cluster_all', 'passthrough'),
                ('dummy', Dummify(target='Class/ASD')),
                ('fix_perfect', 'passthrough'),
                ('clean_names', Clean_Colum_Names()),
                ('feature_select', 'passthrough'), ('fix_multi', 'passthrough'),
                ('dfs', 'passthrough'), ('pca', 'passthrough'),
                ['trained_model', DecisionTreeClassifier(random_state=6769)]]), probability_threshold=None, encoded_labels=False, raw_score=False, round=4, verbose=True, ml_usecase=MLUsecase.CLASSIFICATION, display=None)
2021-08-01 06:58:39,356:INFO:Checking exceptions
2021-08-01 06:58:39,359:INFO:Preloading libraries
2021-08-01 07:28:01,423:INFO:Initializing load_model()
2021-08-01 07:28:01,424:INFO:load_model(model_name=autism-Toddler2021-7-28, platform=None, authentication=None, verbose=True)
2021-08-01 07:28:01,558:INFO:Initializing predict_model()
2021-08-01 07:28:01,559:INFO:predict_model(estimator=Pipeline(steps=[('dtypes',
                 DataTypes_Auto_infer(ml_usecase='classification',
                                      target='Class/ASD')),
                ('imputer',
                 Simple_Imputer(categorical_strategy='not_available',
                                fill_value_categorical=None,
                                fill_value_numerical=None,
                                numeric_strategy='mean',
                                target_variable=None)),
                ('new_levels1',
                 New_Catagorical_Levels_in_TestData(replacement_strategy='least '
                                                                         'frequent',
                                                    t...
                ('binn', 'passthrough'), ('rem_outliers', 'passthrough'),
                ('cluster_all', 'passthrough'),
                ('dummy', Dummify(target='Class/ASD')),
                ('fix_perfect', 'passthrough'),
                ('clean_names', Clean_Colum_Names()),
                ('feature_select', 'passthrough'), ('fix_multi', 'passthrough'),
                ('dfs', 'passthrough'), ('pca', 'passthrough'),
                ['trained_model', DecisionTreeClassifier(random_state=6769)]]), probability_threshold=None, encoded_labels=False, raw_score=False, round=4, verbose=True, ml_usecase=MLUsecase.CLASSIFICATION, display=None)
2021-08-01 07:28:01,560:INFO:Checking exceptions
2021-08-01 07:28:01,560:INFO:Preloading libraries
2021-08-01 07:29:53,479:INFO:Initializing load_model()
2021-08-01 07:29:53,481:INFO:load_model(model_name=autism-Toddler2021-7-28, platform=None, authentication=None, verbose=True)
2021-08-01 07:29:53,527:INFO:Initializing predict_model()
2021-08-01 07:29:53,528:INFO:predict_model(estimator=Pipeline(steps=[('dtypes',
                 DataTypes_Auto_infer(ml_usecase='classification',
                                      target='Class/ASD')),
                ('imputer',
                 Simple_Imputer(categorical_strategy='not_available',
                                fill_value_categorical=None,
                                fill_value_numerical=None,
                                numeric_strategy='mean',
                                target_variable=None)),
                ('new_levels1',
                 New_Catagorical_Levels_in_TestData(replacement_strategy='least '
                                                                         'frequent',
                                                    t...
                ('binn', 'passthrough'), ('rem_outliers', 'passthrough'),
                ('cluster_all', 'passthrough'),
                ('dummy', Dummify(target='Class/ASD')),
                ('fix_perfect', 'passthrough'),
                ('clean_names', Clean_Colum_Names()),
                ('feature_select', 'passthrough'), ('fix_multi', 'passthrough'),
                ('dfs', 'passthrough'), ('pca', 'passthrough'),
                ['trained_model', DecisionTreeClassifier(random_state=6769)]]), probability_threshold=None, encoded_labels=False, raw_score=False, round=4, verbose=True, ml_usecase=MLUsecase.CLASSIFICATION, display=None)
2021-08-01 07:29:53,528:INFO:Checking exceptions
2021-08-01 07:29:53,529:INFO:Preloading libraries
2021-08-01 07:30:40,638:INFO:Initializing load_model()
2021-08-01 07:30:40,646:INFO:load_model(model_name=autism-Child-2021-7-28, platform=None, authentication=None, verbose=True)
2021-08-01 07:30:40,764:INFO:Initializing predict_model()
2021-08-01 07:30:40,771:INFO:predict_model(estimator=Pipeline(steps=[('dtypes',
                 DataTypes_Auto_infer(ml_usecase='classification',
                                      target='Class/ASD')),
                ('imputer',
                 Simple_Imputer(categorical_strategy='not_available',
                                fill_value_categorical=None,
                                fill_value_numerical=None,
                                numeric_strategy='mean',
                                target_variable=None)),
                ('new_levels1',
                 New_Catagorical_Levels_in_TestData(replacement_strategy='least '
                                                                         'frequent',
                                                    t...
                ('binn', 'passthrough'), ('rem_outliers', 'passthrough'),
                ('cluster_all', 'passthrough'),
                ('dummy', Dummify(target='Class/ASD')),
                ('fix_perfect', 'passthrough'),
                ('clean_names', Clean_Colum_Names()),
                ('feature_select', 'passthrough'), ('fix_multi', 'passthrough'),
                ('dfs', 'passthrough'), ('pca', 'passthrough'),
                ['trained_model', DecisionTreeClassifier(random_state=215)]]), probability_threshold=None, encoded_labels=False, raw_score=False, round=4, verbose=True, ml_usecase=MLUsecase.CLASSIFICATION, display=None)
2021-08-01 07:30:40,772:INFO:Checking exceptions
2021-08-01 07:30:40,773:INFO:Preloading libraries
2021-08-01 07:30:43,876:INFO:Initializing load_model()
2021-08-01 07:30:43,879:INFO:load_model(model_name=autism-Child-2021-7-28, platform=None, authentication=None, verbose=True)
2021-08-01 07:30:43,924:INFO:Initializing predict_model()
2021-08-01 07:30:43,924:INFO:predict_model(estimator=Pipeline(steps=[('dtypes',
                 DataTypes_Auto_infer(ml_usecase='classification',
                                      target='Class/ASD')),
                ('imputer',
                 Simple_Imputer(categorical_strategy='not_available',
                                fill_value_categorical=None,
                                fill_value_numerical=None,
                                numeric_strategy='mean',
                                target_variable=None)),
                ('new_levels1',
                 New_Catagorical_Levels_in_TestData(replacement_strategy='least '
                                                                         'frequent',
                                                    t...
                ('binn', 'passthrough'), ('rem_outliers', 'passthrough'),
                ('cluster_all', 'passthrough'),
                ('dummy', Dummify(target='Class/ASD')),
                ('fix_perfect', 'passthrough'),
                ('clean_names', Clean_Colum_Names()),
                ('feature_select', 'passthrough'), ('fix_multi', 'passthrough'),
                ('dfs', 'passthrough'), ('pca', 'passthrough'),
                ['trained_model', DecisionTreeClassifier(random_state=215)]]), probability_threshold=None, encoded_labels=False, raw_score=False, round=4, verbose=True, ml_usecase=MLUsecase.CLASSIFICATION, display=None)
2021-08-01 07:30:43,927:INFO:Checking exceptions
2021-08-01 07:30:43,928:INFO:Preloading libraries
2021-08-01 07:30:44,436:INFO:Initializing load_model()
2021-08-01 07:30:44,437:INFO:load_model(model_name=autism-Child-2021-7-28, platform=None, authentication=None, verbose=True)
2021-08-01 07:30:44,499:INFO:Initializing predict_model()
2021-08-01 07:30:44,500:INFO:predict_model(estimator=Pipeline(steps=[('dtypes',
                 DataTypes_Auto_infer(ml_usecase='classification',
                                      target='Class/ASD')),
                ('imputer',
                 Simple_Imputer(categorical_strategy='not_available',
                                fill_value_categorical=None,
                                fill_value_numerical=None,
                                numeric_strategy='mean',
                                target_variable=None)),
                ('new_levels1',
                 New_Catagorical_Levels_in_TestData(replacement_strategy='least '
                                                                         'frequent',
                                                    t...
                ('binn', 'passthrough'), ('rem_outliers', 'passthrough'),
                ('cluster_all', 'passthrough'),
                ('dummy', Dummify(target='Class/ASD')),
                ('fix_perfect', 'passthrough'),
                ('clean_names', Clean_Colum_Names()),
                ('feature_select', 'passthrough'), ('fix_multi', 'passthrough'),
                ('dfs', 'passthrough'), ('pca', 'passthrough'),
                ['trained_model', DecisionTreeClassifier(random_state=215)]]), probability_threshold=None, encoded_labels=False, raw_score=False, round=4, verbose=True, ml_usecase=MLUsecase.CLASSIFICATION, display=None)
2021-08-01 07:30:44,502:INFO:Checking exceptions
2021-08-01 07:30:44,503:INFO:Preloading libraries
2021-08-01 07:30:48,145:INFO:Initializing load_model()
2021-08-01 07:30:48,146:INFO:load_model(model_name=autism-Child-2021-7-28, platform=None, authentication=None, verbose=True)
2021-08-01 07:30:48,183:INFO:Initializing predict_model()
2021-08-01 07:30:48,183:INFO:predict_model(estimator=Pipeline(steps=[('dtypes',
                 DataTypes_Auto_infer(ml_usecase='classification',
                                      target='Class/ASD')),
                ('imputer',
                 Simple_Imputer(categorical_strategy='not_available',
                                fill_value_categorical=None,
                                fill_value_numerical=None,
                                numeric_strategy='mean',
                                target_variable=None)),
                ('new_levels1',
                 New_Catagorical_Levels_in_TestData(replacement_strategy='least '
                                                                         'frequent',
                                                    t...
                ('binn', 'passthrough'), ('rem_outliers', 'passthrough'),
                ('cluster_all', 'passthrough'),
                ('dummy', Dummify(target='Class/ASD')),
                ('fix_perfect', 'passthrough'),
                ('clean_names', Clean_Colum_Names()),
                ('feature_select', 'passthrough'), ('fix_multi', 'passthrough'),
                ('dfs', 'passthrough'), ('pca', 'passthrough'),
                ['trained_model', DecisionTreeClassifier(random_state=215)]]), probability_threshold=None, encoded_labels=False, raw_score=False, round=4, verbose=True, ml_usecase=MLUsecase.CLASSIFICATION, display=None)
2021-08-01 07:30:48,184:INFO:Checking exceptions
2021-08-01 07:30:48,184:INFO:Preloading libraries
2021-08-01 07:30:58,714:INFO:Initializing load_model()
2021-08-01 07:30:58,718:INFO:load_model(model_name=autism-Child-2021-7-28, platform=None, authentication=None, verbose=True)
2021-08-01 07:30:58,758:INFO:Initializing predict_model()
2021-08-01 07:30:58,760:INFO:predict_model(estimator=Pipeline(steps=[('dtypes',
                 DataTypes_Auto_infer(ml_usecase='classification',
                                      target='Class/ASD')),
                ('imputer',
                 Simple_Imputer(categorical_strategy='not_available',
                                fill_value_categorical=None,
                                fill_value_numerical=None,
                                numeric_strategy='mean',
                                target_variable=None)),
                ('new_levels1',
                 New_Catagorical_Levels_in_TestData(replacement_strategy='least '
                                                                         'frequent',
                                                    t...
                ('binn', 'passthrough'), ('rem_outliers', 'passthrough'),
                ('cluster_all', 'passthrough'),
                ('dummy', Dummify(target='Class/ASD')),
                ('fix_perfect', 'passthrough'),
                ('clean_names', Clean_Colum_Names()),
                ('feature_select', 'passthrough'), ('fix_multi', 'passthrough'),
                ('dfs', 'passthrough'), ('pca', 'passthrough'),
                ['trained_model', DecisionTreeClassifier(random_state=215)]]), probability_threshold=None, encoded_labels=False, raw_score=False, round=4, verbose=True, ml_usecase=MLUsecase.CLASSIFICATION, display=None)
2021-08-01 07:30:58,769:INFO:Checking exceptions
2021-08-01 07:30:58,771:INFO:Preloading libraries
2021-08-01 07:31:06,371:INFO:Initializing load_model()
2021-08-01 07:31:06,372:INFO:load_model(model_name=autism-Adolescent-2021-7-28, platform=None, authentication=None, verbose=True)
2021-08-01 07:31:06,459:INFO:Initializing predict_model()
2021-08-01 07:31:06,461:INFO:predict_model(estimator=Pipeline(steps=[('dtypes',
                 DataTypes_Auto_infer(ml_usecase='classification',
                                      target='Class/ASD')),
                ('imputer',
                 Simple_Imputer(categorical_strategy='not_available',
                                fill_value_categorical=None,
                                fill_value_numerical=None,
                                numeric_strategy='mean',
                                target_variable=None)),
                ('new_levels1',
                 New_Catagorical_Levels_in_TestData(replacement_strategy='least '
                                                                         'frequent',
                                                    t...
                ('binn', 'passthrough'), ('rem_outliers', 'passthrough'),
                ('cluster_all', 'passthrough'),
                ('dummy', Dummify(target='Class/ASD')),
                ('fix_perfect', 'passthrough'),
                ('clean_names', Clean_Colum_Names()),
                ('feature_select', 'passthrough'), ('fix_multi', 'passthrough'),
                ('dfs', 'passthrough'), ('pca', 'passthrough'),
                ['trained_model', AdaBoostClassifier(random_state=2411)]]), probability_threshold=None, encoded_labels=False, raw_score=False, round=4, verbose=True, ml_usecase=MLUsecase.CLASSIFICATION, display=None)
2021-08-01 07:31:06,462:INFO:Checking exceptions
2021-08-01 07:31:06,463:INFO:Preloading libraries
2021-08-01 07:31:15,839:INFO:Initializing load_model()
2021-08-01 07:31:15,839:INFO:load_model(model_name=autism-Adolescent-2021-7-28, platform=None, authentication=None, verbose=True)
2021-08-01 07:31:15,905:INFO:Initializing predict_model()
2021-08-01 07:31:15,908:INFO:predict_model(estimator=Pipeline(steps=[('dtypes',
                 DataTypes_Auto_infer(ml_usecase='classification',
                                      target='Class/ASD')),
                ('imputer',
                 Simple_Imputer(categorical_strategy='not_available',
                                fill_value_categorical=None,
                                fill_value_numerical=None,
                                numeric_strategy='mean',
                                target_variable=None)),
                ('new_levels1',
                 New_Catagorical_Levels_in_TestData(replacement_strategy='least '
                                                                         'frequent',
                                                    t...
                ('binn', 'passthrough'), ('rem_outliers', 'passthrough'),
                ('cluster_all', 'passthrough'),
                ('dummy', Dummify(target='Class/ASD')),
                ('fix_perfect', 'passthrough'),
                ('clean_names', Clean_Colum_Names()),
                ('feature_select', 'passthrough'), ('fix_multi', 'passthrough'),
                ('dfs', 'passthrough'), ('pca', 'passthrough'),
                ['trained_model', AdaBoostClassifier(random_state=2411)]]), probability_threshold=None, encoded_labels=False, raw_score=False, round=4, verbose=True, ml_usecase=MLUsecase.CLASSIFICATION, display=None)
2021-08-01 07:31:15,912:INFO:Checking exceptions
2021-08-01 07:31:15,914:INFO:Preloading libraries
2021-08-01 07:31:17,799:INFO:Initializing load_model()
2021-08-01 07:31:17,800:INFO:load_model(model_name=autism-Adolescent-2021-7-28, platform=None, authentication=None, verbose=True)
2021-08-01 07:31:17,869:INFO:Initializing predict_model()
2021-08-01 07:31:17,871:INFO:predict_model(estimator=Pipeline(steps=[('dtypes',
                 DataTypes_Auto_infer(ml_usecase='classification',
                                      target='Class/ASD')),
                ('imputer',
                 Simple_Imputer(categorical_strategy='not_available',
                                fill_value_categorical=None,
                                fill_value_numerical=None,
                                numeric_strategy='mean',
                                target_variable=None)),
                ('new_levels1',
                 New_Catagorical_Levels_in_TestData(replacement_strategy='least '
                                                                         'frequent',
                                                    t...
                ('binn', 'passthrough'), ('rem_outliers', 'passthrough'),
                ('cluster_all', 'passthrough'),
                ('dummy', Dummify(target='Class/ASD')),
                ('fix_perfect', 'passthrough'),
                ('clean_names', Clean_Colum_Names()),
                ('feature_select', 'passthrough'), ('fix_multi', 'passthrough'),
                ('dfs', 'passthrough'), ('pca', 'passthrough'),
                ['trained_model', AdaBoostClassifier(random_state=2411)]]), probability_threshold=None, encoded_labels=False, raw_score=False, round=4, verbose=True, ml_usecase=MLUsecase.CLASSIFICATION, display=None)
2021-08-01 07:31:17,877:INFO:Checking exceptions
2021-08-01 07:31:17,878:INFO:Preloading libraries
2021-08-01 07:31:21,124:INFO:Initializing load_model()
2021-08-01 07:31:21,126:INFO:load_model(model_name=autism-Adolescent-2021-7-28, platform=None, authentication=None, verbose=True)
2021-08-01 07:31:21,186:INFO:Initializing predict_model()
2021-08-01 07:31:21,187:INFO:predict_model(estimator=Pipeline(steps=[('dtypes',
                 DataTypes_Auto_infer(ml_usecase='classification',
                                      target='Class/ASD')),
                ('imputer',
                 Simple_Imputer(categorical_strategy='not_available',
                                fill_value_categorical=None,
                                fill_value_numerical=None,
                                numeric_strategy='mean',
                                target_variable=None)),
                ('new_levels1',
                 New_Catagorical_Levels_in_TestData(replacement_strategy='least '
                                                                         'frequent',
                                                    t...
                ('binn', 'passthrough'), ('rem_outliers', 'passthrough'),
                ('cluster_all', 'passthrough'),
                ('dummy', Dummify(target='Class/ASD')),
                ('fix_perfect', 'passthrough'),
                ('clean_names', Clean_Colum_Names()),
                ('feature_select', 'passthrough'), ('fix_multi', 'passthrough'),
                ('dfs', 'passthrough'), ('pca', 'passthrough'),
                ['trained_model', AdaBoostClassifier(random_state=2411)]]), probability_threshold=None, encoded_labels=False, raw_score=False, round=4, verbose=True, ml_usecase=MLUsecase.CLASSIFICATION, display=None)
2021-08-01 07:31:21,188:INFO:Checking exceptions
2021-08-01 07:31:21,189:INFO:Preloading libraries
2021-08-01 07:31:27,504:INFO:Initializing load_model()
2021-08-01 07:31:27,505:INFO:load_model(model_name=autism-Adult2021-7-28, platform=None, authentication=None, verbose=True)
2021-08-01 07:31:27,575:INFO:Initializing predict_model()
2021-08-01 07:31:27,576:INFO:predict_model(estimator=Pipeline(steps=[('dtypes',
                 DataTypes_Auto_infer(ml_usecase='classification',
                                      target='Class/ASD')),
                ('imputer',
                 Simple_Imputer(categorical_strategy='not_available',
                                fill_value_categorical=None,
                                fill_value_numerical=None,
                                numeric_strategy='mean',
                                target_variable=None)),
                ('new_levels1',
                 New_Catagorical_Levels_in_TestData(replacement_strategy='least '
                                                                         'frequent',
                                                    t...
                ('binn', 'passthrough'), ('rem_outliers', 'passthrough'),
                ('cluster_all', 'passthrough'),
                ('dummy', Dummify(target='Class/ASD')),
                ('fix_perfect', 'passthrough'),
                ('clean_names', Clean_Colum_Names()),
                ('feature_select', 'passthrough'), ('fix_multi', 'passthrough'),
                ('dfs', 'passthrough'), ('pca', 'passthrough'),
                ['trained_model', DecisionTreeClassifier(random_state=1324)]]), probability_threshold=None, encoded_labels=False, raw_score=False, round=4, verbose=True, ml_usecase=MLUsecase.CLASSIFICATION, display=None)
2021-08-01 07:31:27,577:INFO:Checking exceptions
2021-08-01 07:31:27,578:INFO:Preloading libraries
2021-08-01 07:31:33,543:INFO:Initializing load_model()
2021-08-01 07:31:33,544:INFO:load_model(model_name=autism-Adult2021-7-28, platform=None, authentication=None, verbose=True)
2021-08-01 07:31:33,585:INFO:Initializing predict_model()
2021-08-01 07:31:33,586:INFO:predict_model(estimator=Pipeline(steps=[('dtypes',
                 DataTypes_Auto_infer(ml_usecase='classification',
                                      target='Class/ASD')),
                ('imputer',
                 Simple_Imputer(categorical_strategy='not_available',
                                fill_value_categorical=None,
                                fill_value_numerical=None,
                                numeric_strategy='mean',
                                target_variable=None)),
                ('new_levels1',
                 New_Catagorical_Levels_in_TestData(replacement_strategy='least '
                                                                         'frequent',
                                                    t...
                ('binn', 'passthrough'), ('rem_outliers', 'passthrough'),
                ('cluster_all', 'passthrough'),
                ('dummy', Dummify(target='Class/ASD')),
                ('fix_perfect', 'passthrough'),
                ('clean_names', Clean_Colum_Names()),
                ('feature_select', 'passthrough'), ('fix_multi', 'passthrough'),
                ('dfs', 'passthrough'), ('pca', 'passthrough'),
                ['trained_model', DecisionTreeClassifier(random_state=1324)]]), probability_threshold=None, encoded_labels=False, raw_score=False, round=4, verbose=True, ml_usecase=MLUsecase.CLASSIFICATION, display=None)
2021-08-01 07:31:33,587:INFO:Checking exceptions
2021-08-01 07:31:33,588:INFO:Preloading libraries
2021-08-01 07:31:35,627:INFO:Initializing load_model()
2021-08-01 07:31:35,627:INFO:load_model(model_name=autism-Adult2021-7-28, platform=None, authentication=None, verbose=True)
2021-08-01 07:31:35,669:INFO:Initializing predict_model()
2021-08-01 07:31:35,670:INFO:predict_model(estimator=Pipeline(steps=[('dtypes',
                 DataTypes_Auto_infer(ml_usecase='classification',
                                      target='Class/ASD')),
                ('imputer',
                 Simple_Imputer(categorical_strategy='not_available',
                                fill_value_categorical=None,
                                fill_value_numerical=None,
                                numeric_strategy='mean',
                                target_variable=None)),
                ('new_levels1',
                 New_Catagorical_Levels_in_TestData(replacement_strategy='least '
                                                                         'frequent',
                                                    t...
                ('binn', 'passthrough'), ('rem_outliers', 'passthrough'),
                ('cluster_all', 'passthrough'),
                ('dummy', Dummify(target='Class/ASD')),
                ('fix_perfect', 'passthrough'),
                ('clean_names', Clean_Colum_Names()),
                ('feature_select', 'passthrough'), ('fix_multi', 'passthrough'),
                ('dfs', 'passthrough'), ('pca', 'passthrough'),
                ['trained_model', DecisionTreeClassifier(random_state=1324)]]), probability_threshold=None, encoded_labels=False, raw_score=False, round=4, verbose=True, ml_usecase=MLUsecase.CLASSIFICATION, display=None)
2021-08-01 07:31:35,671:INFO:Checking exceptions
2021-08-01 07:31:35,672:INFO:Preloading libraries
2021-08-01 07:31:39,784:INFO:Initializing load_model()
2021-08-01 07:31:39,785:INFO:load_model(model_name=autism-Adult2021-7-28, platform=None, authentication=None, verbose=True)
2021-08-01 07:31:39,820:INFO:Initializing predict_model()
2021-08-01 07:31:39,821:INFO:predict_model(estimator=Pipeline(steps=[('dtypes',
                 DataTypes_Auto_infer(ml_usecase='classification',
                                      target='Class/ASD')),
                ('imputer',
                 Simple_Imputer(categorical_strategy='not_available',
                                fill_value_categorical=None,
                                fill_value_numerical=None,
                                numeric_strategy='mean',
                                target_variable=None)),
                ('new_levels1',
                 New_Catagorical_Levels_in_TestData(replacement_strategy='least '
                                                                         'frequent',
                                                    t...
                ('binn', 'passthrough'), ('rem_outliers', 'passthrough'),
                ('cluster_all', 'passthrough'),
                ('dummy', Dummify(target='Class/ASD')),
                ('fix_perfect', 'passthrough'),
                ('clean_names', Clean_Colum_Names()),
                ('feature_select', 'passthrough'), ('fix_multi', 'passthrough'),
                ('dfs', 'passthrough'), ('pca', 'passthrough'),
                ['trained_model', DecisionTreeClassifier(random_state=1324)]]), probability_threshold=None, encoded_labels=False, raw_score=False, round=4, verbose=True, ml_usecase=MLUsecase.CLASSIFICATION, display=None)
2021-08-01 07:31:39,822:INFO:Checking exceptions
2021-08-01 07:31:39,822:INFO:Preloading libraries
2021-08-01 07:31:40,304:INFO:Initializing load_model()
2021-08-01 07:31:40,305:INFO:load_model(model_name=autism-Adult2021-7-28, platform=None, authentication=None, verbose=True)
2021-08-01 07:31:40,341:INFO:Initializing predict_model()
2021-08-01 07:31:40,341:INFO:predict_model(estimator=Pipeline(steps=[('dtypes',
                 DataTypes_Auto_infer(ml_usecase='classification',
                                      target='Class/ASD')),
                ('imputer',
                 Simple_Imputer(categorical_strategy='not_available',
                                fill_value_categorical=None,
                                fill_value_numerical=None,
                                numeric_strategy='mean',
                                target_variable=None)),
                ('new_levels1',
                 New_Catagorical_Levels_in_TestData(replacement_strategy='least '
                                                                         'frequent',
                                                    t...
                ('binn', 'passthrough'), ('rem_outliers', 'passthrough'),
                ('cluster_all', 'passthrough'),
                ('dummy', Dummify(target='Class/ASD')),
                ('fix_perfect', 'passthrough'),
                ('clean_names', Clean_Colum_Names()),
                ('feature_select', 'passthrough'), ('fix_multi', 'passthrough'),
                ('dfs', 'passthrough'), ('pca', 'passthrough'),
                ['trained_model', DecisionTreeClassifier(random_state=1324)]]), probability_threshold=None, encoded_labels=False, raw_score=False, round=4, verbose=True, ml_usecase=MLUsecase.CLASSIFICATION, display=None)
2021-08-01 07:31:40,342:INFO:Checking exceptions
2021-08-01 07:31:40,342:INFO:Preloading libraries
2021-08-01 07:31:43,477:INFO:Initializing load_model()
2021-08-01 07:31:43,477:INFO:load_model(model_name=autism-Adult2021-7-28, platform=None, authentication=None, verbose=True)
2021-08-01 07:31:43,506:INFO:Initializing predict_model()
2021-08-01 07:31:43,506:INFO:predict_model(estimator=Pipeline(steps=[('dtypes',
                 DataTypes_Auto_infer(ml_usecase='classification',
                                      target='Class/ASD')),
                ('imputer',
                 Simple_Imputer(categorical_strategy='not_available',
                                fill_value_categorical=None,
                                fill_value_numerical=None,
                                numeric_strategy='mean',
                                target_variable=None)),
                ('new_levels1',
                 New_Catagorical_Levels_in_TestData(replacement_strategy='least '
                                                                         'frequent',
                                                    t...
                ('binn', 'passthrough'), ('rem_outliers', 'passthrough'),
                ('cluster_all', 'passthrough'),
                ('dummy', Dummify(target='Class/ASD')),
                ('fix_perfect', 'passthrough'),
                ('clean_names', Clean_Colum_Names()),
                ('feature_select', 'passthrough'), ('fix_multi', 'passthrough'),
                ('dfs', 'passthrough'), ('pca', 'passthrough'),
                ['trained_model', DecisionTreeClassifier(random_state=1324)]]), probability_threshold=None, encoded_labels=False, raw_score=False, round=4, verbose=True, ml_usecase=MLUsecase.CLASSIFICATION, display=None)
2021-08-01 07:31:43,507:INFO:Checking exceptions
2021-08-01 07:31:43,507:INFO:Preloading libraries
2021-08-01 07:31:53,490:INFO:Initializing load_model()
2021-08-01 07:31:53,491:INFO:load_model(model_name=autism-Adult2021-7-28, platform=None, authentication=None, verbose=True)
2021-08-01 07:31:53,530:INFO:Initializing predict_model()
2021-08-01 07:31:53,531:INFO:predict_model(estimator=Pipeline(steps=[('dtypes',
                 DataTypes_Auto_infer(ml_usecase='classification',
                                      target='Class/ASD')),
                ('imputer',
                 Simple_Imputer(categorical_strategy='not_available',
                                fill_value_categorical=None,
                                fill_value_numerical=None,
                                numeric_strategy='mean',
                                target_variable=None)),
                ('new_levels1',
                 New_Catagorical_Levels_in_TestData(replacement_strategy='least '
                                                                         'frequent',
                                                    t...
                ('binn', 'passthrough'), ('rem_outliers', 'passthrough'),
                ('cluster_all', 'passthrough'),
                ('dummy', Dummify(target='Class/ASD')),
                ('fix_perfect', 'passthrough'),
                ('clean_names', Clean_Colum_Names()),
                ('feature_select', 'passthrough'), ('fix_multi', 'passthrough'),
                ('dfs', 'passthrough'), ('pca', 'passthrough'),
                ['trained_model', DecisionTreeClassifier(random_state=1324)]]), probability_threshold=None, encoded_labels=False, raw_score=False, round=4, verbose=True, ml_usecase=MLUsecase.CLASSIFICATION, display=None)
2021-08-01 07:31:53,534:INFO:Checking exceptions
2021-08-01 07:31:53,538:INFO:Preloading libraries
2021-08-01 07:31:55,495:INFO:Initializing load_model()
2021-08-01 07:31:55,496:INFO:load_model(model_name=autism-Adult2021-7-28, platform=None, authentication=None, verbose=True)
2021-08-01 07:31:55,529:INFO:Initializing predict_model()
2021-08-01 07:31:55,530:INFO:predict_model(estimator=Pipeline(steps=[('dtypes',
                 DataTypes_Auto_infer(ml_usecase='classification',
                                      target='Class/ASD')),
                ('imputer',
                 Simple_Imputer(categorical_strategy='not_available',
                                fill_value_categorical=None,
                                fill_value_numerical=None,
                                numeric_strategy='mean',
                                target_variable=None)),
                ('new_levels1',
                 New_Catagorical_Levels_in_TestData(replacement_strategy='least '
                                                                         'frequent',
                                                    t...
                ('binn', 'passthrough'), ('rem_outliers', 'passthrough'),
                ('cluster_all', 'passthrough'),
                ('dummy', Dummify(target='Class/ASD')),
                ('fix_perfect', 'passthrough'),
                ('clean_names', Clean_Colum_Names()),
                ('feature_select', 'passthrough'), ('fix_multi', 'passthrough'),
                ('dfs', 'passthrough'), ('pca', 'passthrough'),
                ['trained_model', DecisionTreeClassifier(random_state=1324)]]), probability_threshold=None, encoded_labels=False, raw_score=False, round=4, verbose=True, ml_usecase=MLUsecase.CLASSIFICATION, display=None)
2021-08-01 07:31:55,530:INFO:Checking exceptions
2021-08-01 07:31:55,530:INFO:Preloading libraries
2021-08-01 07:32:39,627:INFO:Initializing load_model()
2021-08-01 07:32:39,629:INFO:load_model(model_name=autism-Toddler2021-7-28, platform=None, authentication=None, verbose=True)
2021-08-01 07:32:39,720:INFO:Initializing predict_model()
2021-08-01 07:32:39,725:INFO:predict_model(estimator=Pipeline(steps=[('dtypes',
                 DataTypes_Auto_infer(ml_usecase='classification',
                                      target='Class/ASD')),
                ('imputer',
                 Simple_Imputer(categorical_strategy='not_available',
                                fill_value_categorical=None,
                                fill_value_numerical=None,
                                numeric_strategy='mean',
                                target_variable=None)),
                ('new_levels1',
                 New_Catagorical_Levels_in_TestData(replacement_strategy='least '
                                                                         'frequent',
                                                    t...
                ('binn', 'passthrough'), ('rem_outliers', 'passthrough'),
                ('cluster_all', 'passthrough'),
                ('dummy', Dummify(target='Class/ASD')),
                ('fix_perfect', 'passthrough'),
                ('clean_names', Clean_Colum_Names()),
                ('feature_select', 'passthrough'), ('fix_multi', 'passthrough'),
                ('dfs', 'passthrough'), ('pca', 'passthrough'),
                ['trained_model', DecisionTreeClassifier(random_state=6769)]]), probability_threshold=None, encoded_labels=False, raw_score=False, round=4, verbose=True, ml_usecase=MLUsecase.CLASSIFICATION, display=None)
2021-08-01 07:32:39,727:INFO:Checking exceptions
2021-08-01 07:32:39,727:INFO:Preloading libraries
2021-08-01 07:34:45,128:INFO:Initializing load_model()
2021-08-01 07:34:45,128:INFO:load_model(model_name=autism-Toddler2021-7-28, platform=None, authentication=None, verbose=True)
2021-08-01 07:34:45,225:INFO:Initializing predict_model()
2021-08-01 07:34:45,225:INFO:predict_model(estimator=Pipeline(steps=[('dtypes',
                 DataTypes_Auto_infer(ml_usecase='classification',
                                      target='Class/ASD')),
                ('imputer',
                 Simple_Imputer(categorical_strategy='not_available',
                                fill_value_categorical=None,
                                fill_value_numerical=None,
                                numeric_strategy='mean',
                                target_variable=None)),
                ('new_levels1',
                 New_Catagorical_Levels_in_TestData(replacement_strategy='least '
                                                                         'frequent',
                                                    t...
                ('binn', 'passthrough'), ('rem_outliers', 'passthrough'),
                ('cluster_all', 'passthrough'),
                ('dummy', Dummify(target='Class/ASD')),
                ('fix_perfect', 'passthrough'),
                ('clean_names', Clean_Colum_Names()),
                ('feature_select', 'passthrough'), ('fix_multi', 'passthrough'),
                ('dfs', 'passthrough'), ('pca', 'passthrough'),
                ['trained_model', DecisionTreeClassifier(random_state=6769)]]), probability_threshold=None, encoded_labels=False, raw_score=False, round=4, verbose=True, ml_usecase=MLUsecase.CLASSIFICATION, display=None)
2021-08-01 07:34:45,226:INFO:Checking exceptions
2021-08-01 07:34:45,226:INFO:Preloading libraries
2021-08-01 07:35:02,420:INFO:Initializing load_model()
2021-08-01 07:35:02,422:INFO:load_model(model_name=autism-Child-2021-7-28, platform=None, authentication=None, verbose=True)
2021-08-01 07:35:02,462:INFO:Initializing predict_model()
2021-08-01 07:35:02,463:INFO:predict_model(estimator=Pipeline(steps=[('dtypes',
                 DataTypes_Auto_infer(ml_usecase='classification',
                                      target='Class/ASD')),
                ('imputer',
                 Simple_Imputer(categorical_strategy='not_available',
                                fill_value_categorical=None,
                                fill_value_numerical=None,
                                numeric_strategy='mean',
                                target_variable=None)),
                ('new_levels1',
                 New_Catagorical_Levels_in_TestData(replacement_strategy='least '
                                                                         'frequent',
                                                    t...
                ('binn', 'passthrough'), ('rem_outliers', 'passthrough'),
                ('cluster_all', 'passthrough'),
                ('dummy', Dummify(target='Class/ASD')),
                ('fix_perfect', 'passthrough'),
                ('clean_names', Clean_Colum_Names()),
                ('feature_select', 'passthrough'), ('fix_multi', 'passthrough'),
                ('dfs', 'passthrough'), ('pca', 'passthrough'),
                ['trained_model', DecisionTreeClassifier(random_state=215)]]), probability_threshold=None, encoded_labels=False, raw_score=False, round=4, verbose=True, ml_usecase=MLUsecase.CLASSIFICATION, display=None)
2021-08-01 07:35:02,464:INFO:Checking exceptions
2021-08-01 07:35:02,464:INFO:Preloading libraries
2021-08-01 07:35:08,612:INFO:Initializing load_model()
2021-08-01 07:35:08,612:INFO:load_model(model_name=autism-Adolescent-2021-7-28, platform=None, authentication=None, verbose=True)
2021-08-01 07:35:08,673:INFO:Initializing predict_model()
2021-08-01 07:35:08,674:INFO:predict_model(estimator=Pipeline(steps=[('dtypes',
                 DataTypes_Auto_infer(ml_usecase='classification',
                                      target='Class/ASD')),
                ('imputer',
                 Simple_Imputer(categorical_strategy='not_available',
                                fill_value_categorical=None,
                                fill_value_numerical=None,
                                numeric_strategy='mean',
                                target_variable=None)),
                ('new_levels1',
                 New_Catagorical_Levels_in_TestData(replacement_strategy='least '
                                                                         'frequent',
                                                    t...
                ('binn', 'passthrough'), ('rem_outliers', 'passthrough'),
                ('cluster_all', 'passthrough'),
                ('dummy', Dummify(target='Class/ASD')),
                ('fix_perfect', 'passthrough'),
                ('clean_names', Clean_Colum_Names()),
                ('feature_select', 'passthrough'), ('fix_multi', 'passthrough'),
                ('dfs', 'passthrough'), ('pca', 'passthrough'),
                ['trained_model', AdaBoostClassifier(random_state=2411)]]), probability_threshold=None, encoded_labels=False, raw_score=False, round=4, verbose=True, ml_usecase=MLUsecase.CLASSIFICATION, display=None)
2021-08-01 07:35:08,676:INFO:Checking exceptions
2021-08-01 07:35:08,677:INFO:Preloading libraries
2021-08-01 07:35:13,502:INFO:Initializing load_model()
2021-08-01 07:35:13,502:INFO:load_model(model_name=autism-Adolescent-2021-7-28, platform=None, authentication=None, verbose=True)
2021-08-01 07:35:13,567:INFO:Initializing predict_model()
2021-08-01 07:35:13,567:INFO:predict_model(estimator=Pipeline(steps=[('dtypes',
                 DataTypes_Auto_infer(ml_usecase='classification',
                                      target='Class/ASD')),
                ('imputer',
                 Simple_Imputer(categorical_strategy='not_available',
                                fill_value_categorical=None,
                                fill_value_numerical=None,
                                numeric_strategy='mean',
                                target_variable=None)),
                ('new_levels1',
                 New_Catagorical_Levels_in_TestData(replacement_strategy='least '
                                                                         'frequent',
                                                    t...
                ('binn', 'passthrough'), ('rem_outliers', 'passthrough'),
                ('cluster_all', 'passthrough'),
                ('dummy', Dummify(target='Class/ASD')),
                ('fix_perfect', 'passthrough'),
                ('clean_names', Clean_Colum_Names()),
                ('feature_select', 'passthrough'), ('fix_multi', 'passthrough'),
                ('dfs', 'passthrough'), ('pca', 'passthrough'),
                ['trained_model', AdaBoostClassifier(random_state=2411)]]), probability_threshold=None, encoded_labels=False, raw_score=False, round=4, verbose=True, ml_usecase=MLUsecase.CLASSIFICATION, display=None)
2021-08-01 07:35:13,569:INFO:Checking exceptions
2021-08-01 07:35:13,570:INFO:Preloading libraries
2021-08-01 07:35:14,047:INFO:Initializing load_model()
2021-08-01 07:35:14,047:INFO:load_model(model_name=autism-Adolescent-2021-7-28, platform=None, authentication=None, verbose=True)
2021-08-01 07:35:14,101:INFO:Initializing predict_model()
2021-08-01 07:35:14,101:INFO:predict_model(estimator=Pipeline(steps=[('dtypes',
                 DataTypes_Auto_infer(ml_usecase='classification',
                                      target='Class/ASD')),
                ('imputer',
                 Simple_Imputer(categorical_strategy='not_available',
                                fill_value_categorical=None,
                                fill_value_numerical=None,
                                numeric_strategy='mean',
                                target_variable=None)),
                ('new_levels1',
                 New_Catagorical_Levels_in_TestData(replacement_strategy='least '
                                                                         'frequent',
                                                    t...
                ('binn', 'passthrough'), ('rem_outliers', 'passthrough'),
                ('cluster_all', 'passthrough'),
                ('dummy', Dummify(target='Class/ASD')),
                ('fix_perfect', 'passthrough'),
                ('clean_names', Clean_Colum_Names()),
                ('feature_select', 'passthrough'), ('fix_multi', 'passthrough'),
                ('dfs', 'passthrough'), ('pca', 'passthrough'),
                ['trained_model', AdaBoostClassifier(random_state=2411)]]), probability_threshold=None, encoded_labels=False, raw_score=False, round=4, verbose=True, ml_usecase=MLUsecase.CLASSIFICATION, display=None)
2021-08-01 07:35:14,102:INFO:Checking exceptions
2021-08-01 07:35:14,103:INFO:Preloading libraries
2021-08-01 07:35:17,600:INFO:Initializing load_model()
2021-08-01 07:35:17,600:INFO:load_model(model_name=autism-Adolescent-2021-7-28, platform=None, authentication=None, verbose=True)
2021-08-01 07:35:17,674:INFO:Initializing predict_model()
2021-08-01 07:35:17,677:INFO:predict_model(estimator=Pipeline(steps=[('dtypes',
                 DataTypes_Auto_infer(ml_usecase='classification',
                                      target='Class/ASD')),
                ('imputer',
                 Simple_Imputer(categorical_strategy='not_available',
                                fill_value_categorical=None,
                                fill_value_numerical=None,
                                numeric_strategy='mean',
                                target_variable=None)),
                ('new_levels1',
                 New_Catagorical_Levels_in_TestData(replacement_strategy='least '
                                                                         'frequent',
                                                    t...
                ('binn', 'passthrough'), ('rem_outliers', 'passthrough'),
                ('cluster_all', 'passthrough'),
                ('dummy', Dummify(target='Class/ASD')),
                ('fix_perfect', 'passthrough'),
                ('clean_names', Clean_Colum_Names()),
                ('feature_select', 'passthrough'), ('fix_multi', 'passthrough'),
                ('dfs', 'passthrough'), ('pca', 'passthrough'),
                ['trained_model', AdaBoostClassifier(random_state=2411)]]), probability_threshold=None, encoded_labels=False, raw_score=False, round=4, verbose=True, ml_usecase=MLUsecase.CLASSIFICATION, display=None)
2021-08-01 07:35:17,679:INFO:Checking exceptions
2021-08-01 07:35:17,681:INFO:Preloading libraries
2021-08-01 07:35:23,927:INFO:Initializing load_model()
2021-08-01 07:35:23,928:INFO:load_model(model_name=autism-Adolescent-2021-7-28, platform=None, authentication=None, verbose=True)
2021-08-01 07:35:23,990:INFO:Initializing predict_model()
2021-08-01 07:35:24,001:INFO:predict_model(estimator=Pipeline(steps=[('dtypes',
                 DataTypes_Auto_infer(ml_usecase='classification',
                                      target='Class/ASD')),
                ('imputer',
                 Simple_Imputer(categorical_strategy='not_available',
                                fill_value_categorical=None,
                                fill_value_numerical=None,
                                numeric_strategy='mean',
                                target_variable=None)),
                ('new_levels1',
                 New_Catagorical_Levels_in_TestData(replacement_strategy='least '
                                                                         'frequent',
                                                    t...
                ('binn', 'passthrough'), ('rem_outliers', 'passthrough'),
                ('cluster_all', 'passthrough'),
                ('dummy', Dummify(target='Class/ASD')),
                ('fix_perfect', 'passthrough'),
                ('clean_names', Clean_Colum_Names()),
                ('feature_select', 'passthrough'), ('fix_multi', 'passthrough'),
                ('dfs', 'passthrough'), ('pca', 'passthrough'),
                ['trained_model', AdaBoostClassifier(random_state=2411)]]), probability_threshold=None, encoded_labels=False, raw_score=False, round=4, verbose=True, ml_usecase=MLUsecase.CLASSIFICATION, display=None)
2021-08-01 07:35:24,003:INFO:Checking exceptions
2021-08-01 07:35:24,004:INFO:Preloading libraries
2021-08-01 07:35:25,731:INFO:Initializing load_model()
2021-08-01 07:35:25,732:INFO:load_model(model_name=autism-Adolescent-2021-7-28, platform=None, authentication=None, verbose=True)
2021-08-01 07:35:25,794:INFO:Initializing predict_model()
2021-08-01 07:35:25,796:INFO:predict_model(estimator=Pipeline(steps=[('dtypes',
                 DataTypes_Auto_infer(ml_usecase='classification',
                                      target='Class/ASD')),
                ('imputer',
                 Simple_Imputer(categorical_strategy='not_available',
                                fill_value_categorical=None,
                                fill_value_numerical=None,
                                numeric_strategy='mean',
                                target_variable=None)),
                ('new_levels1',
                 New_Catagorical_Levels_in_TestData(replacement_strategy='least '
                                                                         'frequent',
                                                    t...
                ('binn', 'passthrough'), ('rem_outliers', 'passthrough'),
                ('cluster_all', 'passthrough'),
                ('dummy', Dummify(target='Class/ASD')),
                ('fix_perfect', 'passthrough'),
                ('clean_names', Clean_Colum_Names()),
                ('feature_select', 'passthrough'), ('fix_multi', 'passthrough'),
                ('dfs', 'passthrough'), ('pca', 'passthrough'),
                ['trained_model', AdaBoostClassifier(random_state=2411)]]), probability_threshold=None, encoded_labels=False, raw_score=False, round=4, verbose=True, ml_usecase=MLUsecase.CLASSIFICATION, display=None)
2021-08-01 07:35:25,797:INFO:Checking exceptions
2021-08-01 07:35:25,798:INFO:Preloading libraries
2021-08-01 07:35:27,669:INFO:Initializing load_model()
2021-08-01 07:35:27,669:INFO:load_model(model_name=autism-Adolescent-2021-7-28, platform=None, authentication=None, verbose=True)
2021-08-01 07:35:27,729:INFO:Initializing predict_model()
2021-08-01 07:35:27,730:INFO:predict_model(estimator=Pipeline(steps=[('dtypes',
                 DataTypes_Auto_infer(ml_usecase='classification',
                                      target='Class/ASD')),
                ('imputer',
                 Simple_Imputer(categorical_strategy='not_available',
                                fill_value_categorical=None,
                                fill_value_numerical=None,
                                numeric_strategy='mean',
                                target_variable=None)),
                ('new_levels1',
                 New_Catagorical_Levels_in_TestData(replacement_strategy='least '
                                                                         'frequent',
                                                    t...
                ('binn', 'passthrough'), ('rem_outliers', 'passthrough'),
                ('cluster_all', 'passthrough'),
                ('dummy', Dummify(target='Class/ASD')),
                ('fix_perfect', 'passthrough'),
                ('clean_names', Clean_Colum_Names()),
                ('feature_select', 'passthrough'), ('fix_multi', 'passthrough'),
                ('dfs', 'passthrough'), ('pca', 'passthrough'),
                ['trained_model', AdaBoostClassifier(random_state=2411)]]), probability_threshold=None, encoded_labels=False, raw_score=False, round=4, verbose=True, ml_usecase=MLUsecase.CLASSIFICATION, display=None)
2021-08-01 07:35:27,731:INFO:Checking exceptions
2021-08-01 07:35:27,731:INFO:Preloading libraries
2021-08-01 07:35:29,487:INFO:Initializing load_model()
2021-08-01 07:35:29,487:INFO:load_model(model_name=autism-Toddler2021-7-28, platform=None, authentication=None, verbose=True)
2021-08-01 07:35:29,515:INFO:Initializing predict_model()
2021-08-01 07:35:29,516:INFO:predict_model(estimator=Pipeline(steps=[('dtypes',
                 DataTypes_Auto_infer(ml_usecase='classification',
                                      target='Class/ASD')),
                ('imputer',
                 Simple_Imputer(categorical_strategy='not_available',
                                fill_value_categorical=None,
                                fill_value_numerical=None,
                                numeric_strategy='mean',
                                target_variable=None)),
                ('new_levels1',
                 New_Catagorical_Levels_in_TestData(replacement_strategy='least '
                                                                         'frequent',
                                                    t...
                ('binn', 'passthrough'), ('rem_outliers', 'passthrough'),
                ('cluster_all', 'passthrough'),
                ('dummy', Dummify(target='Class/ASD')),
                ('fix_perfect', 'passthrough'),
                ('clean_names', Clean_Colum_Names()),
                ('feature_select', 'passthrough'), ('fix_multi', 'passthrough'),
                ('dfs', 'passthrough'), ('pca', 'passthrough'),
                ['trained_model', DecisionTreeClassifier(random_state=6769)]]), probability_threshold=None, encoded_labels=False, raw_score=False, round=4, verbose=True, ml_usecase=MLUsecase.CLASSIFICATION, display=None)
2021-08-01 07:35:29,517:INFO:Checking exceptions
2021-08-01 07:35:29,518:INFO:Preloading libraries
2021-08-01 07:35:35,681:INFO:Initializing load_model()
2021-08-01 07:35:35,682:INFO:load_model(model_name=autism-Toddler2021-7-28, platform=None, authentication=None, verbose=True)
2021-08-01 07:35:35,720:INFO:Initializing predict_model()
2021-08-01 07:35:35,721:INFO:predict_model(estimator=Pipeline(steps=[('dtypes',
                 DataTypes_Auto_infer(ml_usecase='classification',
                                      target='Class/ASD')),
                ('imputer',
                 Simple_Imputer(categorical_strategy='not_available',
                                fill_value_categorical=None,
                                fill_value_numerical=None,
                                numeric_strategy='mean',
                                target_variable=None)),
                ('new_levels1',
                 New_Catagorical_Levels_in_TestData(replacement_strategy='least '
                                                                         'frequent',
                                                    t...
                ('binn', 'passthrough'), ('rem_outliers', 'passthrough'),
                ('cluster_all', 'passthrough'),
                ('dummy', Dummify(target='Class/ASD')),
                ('fix_perfect', 'passthrough'),
                ('clean_names', Clean_Colum_Names()),
                ('feature_select', 'passthrough'), ('fix_multi', 'passthrough'),
                ('dfs', 'passthrough'), ('pca', 'passthrough'),
                ['trained_model', DecisionTreeClassifier(random_state=6769)]]), probability_threshold=None, encoded_labels=False, raw_score=False, round=4, verbose=True, ml_usecase=MLUsecase.CLASSIFICATION, display=None)
2021-08-01 07:35:35,724:INFO:Checking exceptions
2021-08-01 07:35:35,725:INFO:Preloading libraries
2021-08-01 07:35:37,597:INFO:Initializing load_model()
2021-08-01 07:35:37,597:INFO:load_model(model_name=autism-Toddler2021-7-28, platform=None, authentication=None, verbose=True)
2021-08-01 07:35:37,628:INFO:Initializing predict_model()
2021-08-01 07:35:37,629:INFO:predict_model(estimator=Pipeline(steps=[('dtypes',
                 DataTypes_Auto_infer(ml_usecase='classification',
                                      target='Class/ASD')),
                ('imputer',
                 Simple_Imputer(categorical_strategy='not_available',
                                fill_value_categorical=None,
                                fill_value_numerical=None,
                                numeric_strategy='mean',
                                target_variable=None)),
                ('new_levels1',
                 New_Catagorical_Levels_in_TestData(replacement_strategy='least '
                                                                         'frequent',
                                                    t...
                ('binn', 'passthrough'), ('rem_outliers', 'passthrough'),
                ('cluster_all', 'passthrough'),
                ('dummy', Dummify(target='Class/ASD')),
                ('fix_perfect', 'passthrough'),
                ('clean_names', Clean_Colum_Names()),
                ('feature_select', 'passthrough'), ('fix_multi', 'passthrough'),
                ('dfs', 'passthrough'), ('pca', 'passthrough'),
                ['trained_model', DecisionTreeClassifier(random_state=6769)]]), probability_threshold=None, encoded_labels=False, raw_score=False, round=4, verbose=True, ml_usecase=MLUsecase.CLASSIFICATION, display=None)
2021-08-01 07:35:37,632:INFO:Checking exceptions
2021-08-01 07:35:37,632:INFO:Preloading libraries
2021-08-01 07:35:46,427:INFO:Initializing load_model()
2021-08-01 07:35:46,427:INFO:load_model(model_name=autism-Toddler2021-7-28, platform=None, authentication=None, verbose=True)
2021-08-01 07:35:46,461:INFO:Initializing predict_model()
2021-08-01 07:35:46,462:INFO:predict_model(estimator=Pipeline(steps=[('dtypes',
                 DataTypes_Auto_infer(ml_usecase='classification',
                                      target='Class/ASD')),
                ('imputer',
                 Simple_Imputer(categorical_strategy='not_available',
                                fill_value_categorical=None,
                                fill_value_numerical=None,
                                numeric_strategy='mean',
                                target_variable=None)),
                ('new_levels1',
                 New_Catagorical_Levels_in_TestData(replacement_strategy='least '
                                                                         'frequent',
                                                    t...
                ('binn', 'passthrough'), ('rem_outliers', 'passthrough'),
                ('cluster_all', 'passthrough'),
                ('dummy', Dummify(target='Class/ASD')),
                ('fix_perfect', 'passthrough'),
                ('clean_names', Clean_Colum_Names()),
                ('feature_select', 'passthrough'), ('fix_multi', 'passthrough'),
                ('dfs', 'passthrough'), ('pca', 'passthrough'),
                ['trained_model', DecisionTreeClassifier(random_state=6769)]]), probability_threshold=None, encoded_labels=False, raw_score=False, round=4, verbose=True, ml_usecase=MLUsecase.CLASSIFICATION, display=None)
2021-08-01 07:35:46,464:INFO:Checking exceptions
2021-08-01 07:35:46,466:INFO:Preloading libraries
2021-08-01 07:36:12,025:INFO:Initializing load_model()
2021-08-01 07:36:12,025:INFO:load_model(model_name=autism-Toddler2021-7-28, platform=None, authentication=None, verbose=True)
2021-08-01 07:36:12,073:INFO:Initializing predict_model()
2021-08-01 07:36:12,076:INFO:predict_model(estimator=Pipeline(steps=[('dtypes',
                 DataTypes_Auto_infer(ml_usecase='classification',
                                      target='Class/ASD')),
                ('imputer',
                 Simple_Imputer(categorical_strategy='not_available',
                                fill_value_categorical=None,
                                fill_value_numerical=None,
                                numeric_strategy='mean',
                                target_variable=None)),
                ('new_levels1',
                 New_Catagorical_Levels_in_TestData(replacement_strategy='least '
                                                                         'frequent',
                                                    t...
                ('binn', 'passthrough'), ('rem_outliers', 'passthrough'),
                ('cluster_all', 'passthrough'),
                ('dummy', Dummify(target='Class/ASD')),
                ('fix_perfect', 'passthrough'),
                ('clean_names', Clean_Colum_Names()),
                ('feature_select', 'passthrough'), ('fix_multi', 'passthrough'),
                ('dfs', 'passthrough'), ('pca', 'passthrough'),
                ['trained_model', DecisionTreeClassifier(random_state=6769)]]), probability_threshold=None, encoded_labels=False, raw_score=False, round=4, verbose=True, ml_usecase=MLUsecase.CLASSIFICATION, display=None)
2021-08-01 07:36:12,077:INFO:Checking exceptions
2021-08-01 07:36:12,078:INFO:Preloading libraries
2021-08-01 07:36:17,236:INFO:Initializing load_model()
2021-08-01 07:36:17,239:INFO:load_model(model_name=autism-Toddler2021-7-28, platform=None, authentication=None, verbose=True)
2021-08-01 07:36:17,270:INFO:Initializing predict_model()
2021-08-01 07:36:17,271:INFO:predict_model(estimator=Pipeline(steps=[('dtypes',
                 DataTypes_Auto_infer(ml_usecase='classification',
                                      target='Class/ASD')),
                ('imputer',
                 Simple_Imputer(categorical_strategy='not_available',
                                fill_value_categorical=None,
                                fill_value_numerical=None,
                                numeric_strategy='mean',
                                target_variable=None)),
                ('new_levels1',
                 New_Catagorical_Levels_in_TestData(replacement_strategy='least '
                                                                         'frequent',
                                                    t...
                ('binn', 'passthrough'), ('rem_outliers', 'passthrough'),
                ('cluster_all', 'passthrough'),
                ('dummy', Dummify(target='Class/ASD')),
                ('fix_perfect', 'passthrough'),
                ('clean_names', Clean_Colum_Names()),
                ('feature_select', 'passthrough'), ('fix_multi', 'passthrough'),
                ('dfs', 'passthrough'), ('pca', 'passthrough'),
                ['trained_model', DecisionTreeClassifier(random_state=6769)]]), probability_threshold=None, encoded_labels=False, raw_score=False, round=4, verbose=True, ml_usecase=MLUsecase.CLASSIFICATION, display=None)
2021-08-01 07:36:17,272:INFO:Checking exceptions
2021-08-01 07:36:17,272:INFO:Preloading libraries
2021-08-01 07:36:19,074:INFO:Initializing load_model()
2021-08-01 07:36:19,075:INFO:load_model(model_name=autism-Toddler2021-7-28, platform=None, authentication=None, verbose=True)
2021-08-01 07:36:19,108:INFO:Initializing predict_model()
2021-08-01 07:36:19,122:INFO:predict_model(estimator=Pipeline(steps=[('dtypes',
                 DataTypes_Auto_infer(ml_usecase='classification',
                                      target='Class/ASD')),
                ('imputer',
                 Simple_Imputer(categorical_strategy='not_available',
                                fill_value_categorical=None,
                                fill_value_numerical=None,
                                numeric_strategy='mean',
                                target_variable=None)),
                ('new_levels1',
                 New_Catagorical_Levels_in_TestData(replacement_strategy='least '
                                                                         'frequent',
                                                    t...
                ('binn', 'passthrough'), ('rem_outliers', 'passthrough'),
                ('cluster_all', 'passthrough'),
                ('dummy', Dummify(target='Class/ASD')),
                ('fix_perfect', 'passthrough'),
                ('clean_names', Clean_Colum_Names()),
                ('feature_select', 'passthrough'), ('fix_multi', 'passthrough'),
                ('dfs', 'passthrough'), ('pca', 'passthrough'),
                ['trained_model', DecisionTreeClassifier(random_state=6769)]]), probability_threshold=None, encoded_labels=False, raw_score=False, round=4, verbose=True, ml_usecase=MLUsecase.CLASSIFICATION, display=None)
2021-08-01 07:36:19,127:INFO:Checking exceptions
2021-08-01 07:36:19,128:INFO:Preloading libraries
2021-08-01 07:36:24,979:INFO:Initializing load_model()
2021-08-01 07:36:24,980:INFO:load_model(model_name=autism-Adolescent-2021-7-28, platform=None, authentication=None, verbose=True)
2021-08-01 07:36:25,031:INFO:Initializing predict_model()
2021-08-01 07:36:25,040:INFO:predict_model(estimator=Pipeline(steps=[('dtypes',
                 DataTypes_Auto_infer(ml_usecase='classification',
                                      target='Class/ASD')),
                ('imputer',
                 Simple_Imputer(categorical_strategy='not_available',
                                fill_value_categorical=None,
                                fill_value_numerical=None,
                                numeric_strategy='mean',
                                target_variable=None)),
                ('new_levels1',
                 New_Catagorical_Levels_in_TestData(replacement_strategy='least '
                                                                         'frequent',
                                                    t...
                ('binn', 'passthrough'), ('rem_outliers', 'passthrough'),
                ('cluster_all', 'passthrough'),
                ('dummy', Dummify(target='Class/ASD')),
                ('fix_perfect', 'passthrough'),
                ('clean_names', Clean_Colum_Names()),
                ('feature_select', 'passthrough'), ('fix_multi', 'passthrough'),
                ('dfs', 'passthrough'), ('pca', 'passthrough'),
                ['trained_model', AdaBoostClassifier(random_state=2411)]]), probability_threshold=None, encoded_labels=False, raw_score=False, round=4, verbose=True, ml_usecase=MLUsecase.CLASSIFICATION, display=None)
2021-08-01 07:36:25,042:INFO:Checking exceptions
2021-08-01 07:36:25,043:INFO:Preloading libraries
2021-08-01 07:36:29,076:INFO:Initializing load_model()
2021-08-01 07:36:29,077:INFO:load_model(model_name=autism-Adolescent-2021-7-28, platform=None, authentication=None, verbose=True)
2021-08-01 07:36:29,130:INFO:Initializing predict_model()
2021-08-01 07:36:29,153:INFO:predict_model(estimator=Pipeline(steps=[('dtypes',
                 DataTypes_Auto_infer(ml_usecase='classification',
                                      target='Class/ASD')),
                ('imputer',
                 Simple_Imputer(categorical_strategy='not_available',
                                fill_value_categorical=None,
                                fill_value_numerical=None,
                                numeric_strategy='mean',
                                target_variable=None)),
                ('new_levels1',
                 New_Catagorical_Levels_in_TestData(replacement_strategy='least '
                                                                         'frequent',
                                                    t...
                ('binn', 'passthrough'), ('rem_outliers', 'passthrough'),
                ('cluster_all', 'passthrough'),
                ('dummy', Dummify(target='Class/ASD')),
                ('fix_perfect', 'passthrough'),
                ('clean_names', Clean_Colum_Names()),
                ('feature_select', 'passthrough'), ('fix_multi', 'passthrough'),
                ('dfs', 'passthrough'), ('pca', 'passthrough'),
                ['trained_model', AdaBoostClassifier(random_state=2411)]]), probability_threshold=None, encoded_labels=False, raw_score=False, round=4, verbose=True, ml_usecase=MLUsecase.CLASSIFICATION, display=None)
2021-08-01 07:36:29,155:INFO:Checking exceptions
2021-08-01 07:36:29,155:INFO:Preloading libraries
2021-08-01 07:36:36,123:INFO:Initializing load_model()
2021-08-01 07:36:36,124:INFO:load_model(model_name=autism-Adult2021-7-28, platform=None, authentication=None, verbose=True)
2021-08-01 07:36:36,167:INFO:Initializing predict_model()
2021-08-01 07:36:36,167:INFO:predict_model(estimator=Pipeline(steps=[('dtypes',
                 DataTypes_Auto_infer(ml_usecase='classification',
                                      target='Class/ASD')),
                ('imputer',
                 Simple_Imputer(categorical_strategy='not_available',
                                fill_value_categorical=None,
                                fill_value_numerical=None,
                                numeric_strategy='mean',
                                target_variable=None)),
                ('new_levels1',
                 New_Catagorical_Levels_in_TestData(replacement_strategy='least '
                                                                         'frequent',
                                                    t...
                ('binn', 'passthrough'), ('rem_outliers', 'passthrough'),
                ('cluster_all', 'passthrough'),
                ('dummy', Dummify(target='Class/ASD')),
                ('fix_perfect', 'passthrough'),
                ('clean_names', Clean_Colum_Names()),
                ('feature_select', 'passthrough'), ('fix_multi', 'passthrough'),
                ('dfs', 'passthrough'), ('pca', 'passthrough'),
                ['trained_model', DecisionTreeClassifier(random_state=1324)]]), probability_threshold=None, encoded_labels=False, raw_score=False, round=4, verbose=True, ml_usecase=MLUsecase.CLASSIFICATION, display=None)
2021-08-01 07:36:36,169:INFO:Checking exceptions
2021-08-01 07:36:36,169:INFO:Preloading libraries
2021-08-01 07:36:39,102:INFO:Initializing load_model()
2021-08-01 07:36:39,102:INFO:load_model(model_name=autism-Adult2021-7-28, platform=None, authentication=None, verbose=True)
2021-08-01 07:36:39,141:INFO:Initializing predict_model()
2021-08-01 07:36:39,142:INFO:predict_model(estimator=Pipeline(steps=[('dtypes',
                 DataTypes_Auto_infer(ml_usecase='classification',
                                      target='Class/ASD')),
                ('imputer',
                 Simple_Imputer(categorical_strategy='not_available',
                                fill_value_categorical=None,
                                fill_value_numerical=None,
                                numeric_strategy='mean',
                                target_variable=None)),
                ('new_levels1',
                 New_Catagorical_Levels_in_TestData(replacement_strategy='least '
                                                                         'frequent',
                                                    t...
                ('binn', 'passthrough'), ('rem_outliers', 'passthrough'),
                ('cluster_all', 'passthrough'),
                ('dummy', Dummify(target='Class/ASD')),
                ('fix_perfect', 'passthrough'),
                ('clean_names', Clean_Colum_Names()),
                ('feature_select', 'passthrough'), ('fix_multi', 'passthrough'),
                ('dfs', 'passthrough'), ('pca', 'passthrough'),
                ['trained_model', DecisionTreeClassifier(random_state=1324)]]), probability_threshold=None, encoded_labels=False, raw_score=False, round=4, verbose=True, ml_usecase=MLUsecase.CLASSIFICATION, display=None)
2021-08-01 07:36:39,145:INFO:Checking exceptions
2021-08-01 07:36:39,146:INFO:Preloading libraries
2021-08-01 07:36:42,841:INFO:Initializing load_model()
2021-08-01 07:36:42,841:INFO:load_model(model_name=autism-Adult2021-7-28, platform=None, authentication=None, verbose=True)
2021-08-01 07:36:42,875:INFO:Initializing predict_model()
2021-08-01 07:36:42,876:INFO:predict_model(estimator=Pipeline(steps=[('dtypes',
                 DataTypes_Auto_infer(ml_usecase='classification',
                                      target='Class/ASD')),
                ('imputer',
                 Simple_Imputer(categorical_strategy='not_available',
                                fill_value_categorical=None,
                                fill_value_numerical=None,
                                numeric_strategy='mean',
                                target_variable=None)),
                ('new_levels1',
                 New_Catagorical_Levels_in_TestData(replacement_strategy='least '
                                                                         'frequent',
                                                    t...
                ('binn', 'passthrough'), ('rem_outliers', 'passthrough'),
                ('cluster_all', 'passthrough'),
                ('dummy', Dummify(target='Class/ASD')),
                ('fix_perfect', 'passthrough'),
                ('clean_names', Clean_Colum_Names()),
                ('feature_select', 'passthrough'), ('fix_multi', 'passthrough'),
                ('dfs', 'passthrough'), ('pca', 'passthrough'),
                ['trained_model', DecisionTreeClassifier(random_state=1324)]]), probability_threshold=None, encoded_labels=False, raw_score=False, round=4, verbose=True, ml_usecase=MLUsecase.CLASSIFICATION, display=None)
2021-08-01 07:36:42,879:INFO:Checking exceptions
2021-08-01 07:36:42,888:INFO:Preloading libraries
2021-08-01 07:36:43,229:INFO:Initializing predict_model()
2021-08-01 07:36:43,229:INFO:predict_model(estimator=Pipeline(steps=[('dtypes',
                 DataTypes_Auto_infer(ml_usecase='classification',
                                      target='Class/ASD')),
                ('imputer',
                 Simple_Imputer(categorical_strategy='not_available',
                                fill_value_categorical=None,
                                fill_value_numerical=None,
                                numeric_strategy='mean',
                                target_variable=None)),
                ('new_levels1',
                 New_Catagorical_Levels_in_TestData(replacement_strategy='least '
                                                                         'frequent',
                                                    t...
                ('binn', 'passthrough'), ('rem_outliers', 'passthrough'),
                ('cluster_all', 'passthrough'),
                ('dummy', Dummify(target='Class/ASD')),
                ('fix_perfect', 'passthrough'),
                ('clean_names', Clean_Colum_Names()),
                ('feature_select', 'passthrough'), ('fix_multi', 'passthrough'),
                ('dfs', 'passthrough'), ('pca', 'passthrough'),
                ['trained_model', DecisionTreeClassifier(random_state=1324)]]), probability_threshold=None, encoded_labels=False, raw_score=False, round=4, verbose=True, ml_usecase=MLUsecase.CLASSIFICATION, display=None)
2021-08-01 07:36:43,230:INFO:Checking exceptions
2021-08-01 07:36:43,230:INFO:Preloading libraries
2021-08-01 07:36:47,273:INFO:Initializing load_model()
2021-08-01 07:36:47,274:INFO:load_model(model_name=autism-Adult2021-7-28, platform=None, authentication=None, verbose=True)
2021-08-01 07:36:47,314:INFO:Initializing predict_model()
2021-08-01 07:36:47,316:INFO:predict_model(estimator=Pipeline(steps=[('dtypes',
                 DataTypes_Auto_infer(ml_usecase='classification',
                                      target='Class/ASD')),
                ('imputer',
                 Simple_Imputer(categorical_strategy='not_available',
                                fill_value_categorical=None,
                                fill_value_numerical=None,
                                numeric_strategy='mean',
                                target_variable=None)),
                ('new_levels1',
                 New_Catagorical_Levels_in_TestData(replacement_strategy='least '
                                                                         'frequent',
                                                    t...
                ('binn', 'passthrough'), ('rem_outliers', 'passthrough'),
                ('cluster_all', 'passthrough'),
                ('dummy', Dummify(target='Class/ASD')),
                ('fix_perfect', 'passthrough'),
                ('clean_names', Clean_Colum_Names()),
                ('feature_select', 'passthrough'), ('fix_multi', 'passthrough'),
                ('dfs', 'passthrough'), ('pca', 'passthrough'),
                ['trained_model', DecisionTreeClassifier(random_state=1324)]]), probability_threshold=None, encoded_labels=False, raw_score=False, round=4, verbose=True, ml_usecase=MLUsecase.CLASSIFICATION, display=None)
2021-08-01 07:36:47,318:INFO:Checking exceptions
2021-08-01 07:36:47,319:INFO:Preloading libraries
2021-08-01 07:36:47,775:INFO:Initializing load_model()
2021-08-01 07:36:47,775:INFO:load_model(model_name=autism-Adult2021-7-28, platform=None, authentication=None, verbose=True)
2021-08-01 07:36:47,807:INFO:Initializing predict_model()
2021-08-01 07:36:47,808:INFO:predict_model(estimator=Pipeline(steps=[('dtypes',
                 DataTypes_Auto_infer(ml_usecase='classification',
                                      target='Class/ASD')),
                ('imputer',
                 Simple_Imputer(categorical_strategy='not_available',
                                fill_value_categorical=None,
                                fill_value_numerical=None,
                                numeric_strategy='mean',
                                target_variable=None)),
                ('new_levels1',
                 New_Catagorical_Levels_in_TestData(replacement_strategy='least '
                                                                         'frequent',
                                                    t...
                ('binn', 'passthrough'), ('rem_outliers', 'passthrough'),
                ('cluster_all', 'passthrough'),
                ('dummy', Dummify(target='Class/ASD')),
                ('fix_perfect', 'passthrough'),
                ('clean_names', Clean_Colum_Names()),
                ('feature_select', 'passthrough'), ('fix_multi', 'passthrough'),
                ('dfs', 'passthrough'), ('pca', 'passthrough'),
                ['trained_model', DecisionTreeClassifier(random_state=1324)]]), probability_threshold=None, encoded_labels=False, raw_score=False, round=4, verbose=True, ml_usecase=MLUsecase.CLASSIFICATION, display=None)
2021-08-01 07:36:47,809:INFO:Checking exceptions
2021-08-01 07:36:47,809:INFO:Preloading libraries
2021-08-01 07:36:51,204:INFO:Initializing load_model()
2021-08-01 07:36:51,204:INFO:load_model(model_name=autism-Adult2021-7-28, platform=None, authentication=None, verbose=True)
2021-08-01 07:36:51,234:INFO:Initializing predict_model()
2021-08-01 07:36:51,234:INFO:predict_model(estimator=Pipeline(steps=[('dtypes',
                 DataTypes_Auto_infer(ml_usecase='classification',
                                      target='Class/ASD')),
                ('imputer',
                 Simple_Imputer(categorical_strategy='not_available',
                                fill_value_categorical=None,
                                fill_value_numerical=None,
                                numeric_strategy='mean',
                                target_variable=None)),
                ('new_levels1',
                 New_Catagorical_Levels_in_TestData(replacement_strategy='least '
                                                                         'frequent',
                                                    t...
                ('binn', 'passthrough'), ('rem_outliers', 'passthrough'),
                ('cluster_all', 'passthrough'),
                ('dummy', Dummify(target='Class/ASD')),
                ('fix_perfect', 'passthrough'),
                ('clean_names', Clean_Colum_Names()),
                ('feature_select', 'passthrough'), ('fix_multi', 'passthrough'),
                ('dfs', 'passthrough'), ('pca', 'passthrough'),
                ['trained_model', DecisionTreeClassifier(random_state=1324)]]), probability_threshold=None, encoded_labels=False, raw_score=False, round=4, verbose=True, ml_usecase=MLUsecase.CLASSIFICATION, display=None)
2021-08-01 07:36:51,235:INFO:Checking exceptions
2021-08-01 07:36:51,235:INFO:Preloading libraries
2021-08-01 07:36:55,661:INFO:Initializing load_model()
2021-08-01 07:36:55,662:INFO:load_model(model_name=autism-Adult2021-7-28, platform=None, authentication=None, verbose=True)
2021-08-01 07:36:55,699:INFO:Initializing predict_model()
2021-08-01 07:36:55,700:INFO:predict_model(estimator=Pipeline(steps=[('dtypes',
                 DataTypes_Auto_infer(ml_usecase='classification',
                                      target='Class/ASD')),
                ('imputer',
                 Simple_Imputer(categorical_strategy='not_available',
                                fill_value_categorical=None,
                                fill_value_numerical=None,
                                numeric_strategy='mean',
                                target_variable=None)),
                ('new_levels1',
                 New_Catagorical_Levels_in_TestData(replacement_strategy='least '
                                                                         'frequent',
                                                    t...
                ('binn', 'passthrough'), ('rem_outliers', 'passthrough'),
                ('cluster_all', 'passthrough'),
                ('dummy', Dummify(target='Class/ASD')),
                ('fix_perfect', 'passthrough'),
                ('clean_names', Clean_Colum_Names()),
                ('feature_select', 'passthrough'), ('fix_multi', 'passthrough'),
                ('dfs', 'passthrough'), ('pca', 'passthrough'),
                ['trained_model', DecisionTreeClassifier(random_state=1324)]]), probability_threshold=None, encoded_labels=False, raw_score=False, round=4, verbose=True, ml_usecase=MLUsecase.CLASSIFICATION, display=None)
2021-08-01 07:36:55,701:INFO:Checking exceptions
2021-08-01 07:36:55,702:INFO:Preloading libraries
2021-08-01 07:36:56,058:INFO:Initializing predict_model()
2021-08-01 07:36:56,059:INFO:predict_model(estimator=Pipeline(steps=[('dtypes',
                 DataTypes_Auto_infer(ml_usecase='classification',
                                      target='Class/ASD')),
                ('imputer',
                 Simple_Imputer(categorical_strategy='not_available',
                                fill_value_categorical=None,
                                fill_value_numerical=None,
                                numeric_strategy='mean',
                                target_variable=None)),
                ('new_levels1',
                 New_Catagorical_Levels_in_TestData(replacement_strategy='least '
                                                                         'frequent',
                                                    t...
                ('binn', 'passthrough'), ('rem_outliers', 'passthrough'),
                ('cluster_all', 'passthrough'),
                ('dummy', Dummify(target='Class/ASD')),
                ('fix_perfect', 'passthrough'),
                ('clean_names', Clean_Colum_Names()),
                ('feature_select', 'passthrough'), ('fix_multi', 'passthrough'),
                ('dfs', 'passthrough'), ('pca', 'passthrough'),
                ['trained_model', DecisionTreeClassifier(random_state=1324)]]), probability_threshold=None, encoded_labels=False, raw_score=False, round=4, verbose=True, ml_usecase=MLUsecase.CLASSIFICATION, display=None)
2021-08-01 07:36:56,060:INFO:Checking exceptions
2021-08-01 07:36:56,061:INFO:Preloading libraries
2021-08-01 07:37:00,753:INFO:Initializing load_model()
2021-08-01 07:37:00,753:INFO:load_model(model_name=autism-Toddler2021-7-28, platform=None, authentication=None, verbose=True)
2021-08-01 07:37:00,790:INFO:Initializing predict_model()
2021-08-01 07:37:00,792:INFO:predict_model(estimator=Pipeline(steps=[('dtypes',
                 DataTypes_Auto_infer(ml_usecase='classification',
                                      target='Class/ASD')),
                ('imputer',
                 Simple_Imputer(categorical_strategy='not_available',
                                fill_value_categorical=None,
                                fill_value_numerical=None,
                                numeric_strategy='mean',
                                target_variable=None)),
                ('new_levels1',
                 New_Catagorical_Levels_in_TestData(replacement_strategy='least '
                                                                         'frequent',
                                                    t...
                ('binn', 'passthrough'), ('rem_outliers', 'passthrough'),
                ('cluster_all', 'passthrough'),
                ('dummy', Dummify(target='Class/ASD')),
                ('fix_perfect', 'passthrough'),
                ('clean_names', Clean_Colum_Names()),
                ('feature_select', 'passthrough'), ('fix_multi', 'passthrough'),
                ('dfs', 'passthrough'), ('pca', 'passthrough'),
                ['trained_model', DecisionTreeClassifier(random_state=6769)]]), probability_threshold=None, encoded_labels=False, raw_score=False, round=4, verbose=True, ml_usecase=MLUsecase.CLASSIFICATION, display=None)
2021-08-01 07:37:00,793:INFO:Checking exceptions
2021-08-01 07:37:00,793:INFO:Preloading libraries
2021-08-01 07:37:04,306:INFO:Initializing load_model()
2021-08-01 07:37:04,307:INFO:load_model(model_name=autism-Toddler2021-7-28, platform=None, authentication=None, verbose=True)
2021-08-01 07:37:04,345:INFO:Initializing predict_model()
2021-08-01 07:37:04,345:INFO:predict_model(estimator=Pipeline(steps=[('dtypes',
                 DataTypes_Auto_infer(ml_usecase='classification',
                                      target='Class/ASD')),
                ('imputer',
                 Simple_Imputer(categorical_strategy='not_available',
                                fill_value_categorical=None,
                                fill_value_numerical=None,
                                numeric_strategy='mean',
                                target_variable=None)),
                ('new_levels1',
                 New_Catagorical_Levels_in_TestData(replacement_strategy='least '
                                                                         'frequent',
                                                    t...
                ('binn', 'passthrough'), ('rem_outliers', 'passthrough'),
                ('cluster_all', 'passthrough'),
                ('dummy', Dummify(target='Class/ASD')),
                ('fix_perfect', 'passthrough'),
                ('clean_names', Clean_Colum_Names()),
                ('feature_select', 'passthrough'), ('fix_multi', 'passthrough'),
                ('dfs', 'passthrough'), ('pca', 'passthrough'),
                ['trained_model', DecisionTreeClassifier(random_state=6769)]]), probability_threshold=None, encoded_labels=False, raw_score=False, round=4, verbose=True, ml_usecase=MLUsecase.CLASSIFICATION, display=None)
2021-08-01 07:37:04,346:INFO:Checking exceptions
2021-08-01 07:37:04,348:INFO:Preloading libraries
2021-08-01 07:37:06,253:INFO:Initializing load_model()
2021-08-01 07:37:06,253:INFO:load_model(model_name=autism-Toddler2021-7-28, platform=None, authentication=None, verbose=True)
2021-08-01 07:37:06,280:INFO:Initializing predict_model()
2021-08-01 07:37:06,281:INFO:predict_model(estimator=Pipeline(steps=[('dtypes',
                 DataTypes_Auto_infer(ml_usecase='classification',
                                      target='Class/ASD')),
                ('imputer',
                 Simple_Imputer(categorical_strategy='not_available',
                                fill_value_categorical=None,
                                fill_value_numerical=None,
                                numeric_strategy='mean',
                                target_variable=None)),
                ('new_levels1',
                 New_Catagorical_Levels_in_TestData(replacement_strategy='least '
                                                                         'frequent',
                                                    t...
                ('binn', 'passthrough'), ('rem_outliers', 'passthrough'),
                ('cluster_all', 'passthrough'),
                ('dummy', Dummify(target='Class/ASD')),
                ('fix_perfect', 'passthrough'),
                ('clean_names', Clean_Colum_Names()),
                ('feature_select', 'passthrough'), ('fix_multi', 'passthrough'),
                ('dfs', 'passthrough'), ('pca', 'passthrough'),
                ['trained_model', DecisionTreeClassifier(random_state=6769)]]), probability_threshold=None, encoded_labels=False, raw_score=False, round=4, verbose=True, ml_usecase=MLUsecase.CLASSIFICATION, display=None)
2021-08-01 07:37:06,281:INFO:Checking exceptions
2021-08-01 07:37:06,281:INFO:Preloading libraries
2021-08-01 07:37:09,432:INFO:Initializing load_model()
2021-08-01 07:37:09,432:INFO:load_model(model_name=autism-Toddler2021-7-28, platform=None, authentication=None, verbose=True)
2021-08-01 07:37:09,466:INFO:Initializing predict_model()
2021-08-01 07:37:09,466:INFO:predict_model(estimator=Pipeline(steps=[('dtypes',
                 DataTypes_Auto_infer(ml_usecase='classification',
                                      target='Class/ASD')),
                ('imputer',
                 Simple_Imputer(categorical_strategy='not_available',
                                fill_value_categorical=None,
                                fill_value_numerical=None,
                                numeric_strategy='mean',
                                target_variable=None)),
                ('new_levels1',
                 New_Catagorical_Levels_in_TestData(replacement_strategy='least '
                                                                         'frequent',
                                                    t...
                ('binn', 'passthrough'), ('rem_outliers', 'passthrough'),
                ('cluster_all', 'passthrough'),
                ('dummy', Dummify(target='Class/ASD')),
                ('fix_perfect', 'passthrough'),
                ('clean_names', Clean_Colum_Names()),
                ('feature_select', 'passthrough'), ('fix_multi', 'passthrough'),
                ('dfs', 'passthrough'), ('pca', 'passthrough'),
                ['trained_model', DecisionTreeClassifier(random_state=6769)]]), probability_threshold=None, encoded_labels=False, raw_score=False, round=4, verbose=True, ml_usecase=MLUsecase.CLASSIFICATION, display=None)
2021-08-01 07:37:09,467:INFO:Checking exceptions
2021-08-01 07:37:09,467:INFO:Preloading libraries
2021-08-01 07:37:09,706:INFO:Initializing predict_model()
2021-08-01 07:37:09,707:INFO:predict_model(estimator=Pipeline(steps=[('dtypes',
                 DataTypes_Auto_infer(ml_usecase='classification',
                                      target='Class/ASD')),
                ('imputer',
                 Simple_Imputer(categorical_strategy='not_available',
                                fill_value_categorical=None,
                                fill_value_numerical=None,
                                numeric_strategy='mean',
                                target_variable=None)),
                ('new_levels1',
                 New_Catagorical_Levels_in_TestData(replacement_strategy='least '
                                                                         'frequent',
                                                    t...
                ('binn', 'passthrough'), ('rem_outliers', 'passthrough'),
                ('cluster_all', 'passthrough'),
                ('dummy', Dummify(target='Class/ASD')),
                ('fix_perfect', 'passthrough'),
                ('clean_names', Clean_Colum_Names()),
                ('feature_select', 'passthrough'), ('fix_multi', 'passthrough'),
                ('dfs', 'passthrough'), ('pca', 'passthrough'),
                ['trained_model', DecisionTreeClassifier(random_state=6769)]]), probability_threshold=None, encoded_labels=False, raw_score=False, round=4, verbose=True, ml_usecase=MLUsecase.CLASSIFICATION, display=None)
2021-08-01 07:37:09,708:INFO:Checking exceptions
2021-08-01 07:37:09,708:INFO:Preloading libraries
2021-08-01 07:37:15,668:INFO:Initializing load_model()
2021-08-01 07:37:15,668:INFO:load_model(model_name=autism-Toddler2021-7-28, platform=None, authentication=None, verbose=True)
2021-08-01 07:37:15,700:INFO:Initializing predict_model()
2021-08-01 07:37:15,701:INFO:predict_model(estimator=Pipeline(steps=[('dtypes',
                 DataTypes_Auto_infer(ml_usecase='classification',
                                      target='Class/ASD')),
                ('imputer',
                 Simple_Imputer(categorical_strategy='not_available',
                                fill_value_categorical=None,
                                fill_value_numerical=None,
                                numeric_strategy='mean',
                                target_variable=None)),
                ('new_levels1',
                 New_Catagorical_Levels_in_TestData(replacement_strategy='least '
                                                                         'frequent',
                                                    t...
                ('binn', 'passthrough'), ('rem_outliers', 'passthrough'),
                ('cluster_all', 'passthrough'),
                ('dummy', Dummify(target='Class/ASD')),
                ('fix_perfect', 'passthrough'),
                ('clean_names', Clean_Colum_Names()),
                ('feature_select', 'passthrough'), ('fix_multi', 'passthrough'),
                ('dfs', 'passthrough'), ('pca', 'passthrough'),
                ['trained_model', DecisionTreeClassifier(random_state=6769)]]), probability_threshold=None, encoded_labels=False, raw_score=False, round=4, verbose=True, ml_usecase=MLUsecase.CLASSIFICATION, display=None)
2021-08-01 07:37:15,702:INFO:Checking exceptions
2021-08-01 07:37:15,702:INFO:Preloading libraries
2021-08-01 07:37:16,036:INFO:Initializing predict_model()
2021-08-01 07:37:16,037:INFO:predict_model(estimator=Pipeline(steps=[('dtypes',
                 DataTypes_Auto_infer(ml_usecase='classification',
                                      target='Class/ASD')),
                ('imputer',
                 Simple_Imputer(categorical_strategy='not_available',
                                fill_value_categorical=None,
                                fill_value_numerical=None,
                                numeric_strategy='mean',
                                target_variable=None)),
                ('new_levels1',
                 New_Catagorical_Levels_in_TestData(replacement_strategy='least '
                                                                         'frequent',
                                                    t...
                ('binn', 'passthrough'), ('rem_outliers', 'passthrough'),
                ('cluster_all', 'passthrough'),
                ('dummy', Dummify(target='Class/ASD')),
                ('fix_perfect', 'passthrough'),
                ('clean_names', Clean_Colum_Names()),
                ('feature_select', 'passthrough'), ('fix_multi', 'passthrough'),
                ('dfs', 'passthrough'), ('pca', 'passthrough'),
                ['trained_model', DecisionTreeClassifier(random_state=6769)]]), probability_threshold=None, encoded_labels=False, raw_score=False, round=4, verbose=True, ml_usecase=MLUsecase.CLASSIFICATION, display=None)
2021-08-01 07:37:16,038:INFO:Checking exceptions
2021-08-01 07:37:16,039:INFO:Preloading libraries
2021-08-01 07:37:50,439:INFO:Initializing load_model()
2021-08-01 07:37:50,440:INFO:load_model(model_name=autism-Toddler2021-7-28, platform=None, authentication=None, verbose=True)
2021-08-01 07:37:50,474:INFO:Initializing predict_model()
2021-08-01 07:37:50,476:INFO:predict_model(estimator=Pipeline(steps=[('dtypes',
                 DataTypes_Auto_infer(ml_usecase='classification',
                                      target='Class/ASD')),
                ('imputer',
                 Simple_Imputer(categorical_strategy='not_available',
                                fill_value_categorical=None,
                                fill_value_numerical=None,
                                numeric_strategy='mean',
                                target_variable=None)),
                ('new_levels1',
                 New_Catagorical_Levels_in_TestData(replacement_strategy='least '
                                                                         'frequent',
                                                    t...
                ('binn', 'passthrough'), ('rem_outliers', 'passthrough'),
                ('cluster_all', 'passthrough'),
                ('dummy', Dummify(target='Class/ASD')),
                ('fix_perfect', 'passthrough'),
                ('clean_names', Clean_Colum_Names()),
                ('feature_select', 'passthrough'), ('fix_multi', 'passthrough'),
                ('dfs', 'passthrough'), ('pca', 'passthrough'),
                ['trained_model', DecisionTreeClassifier(random_state=6769)]]), probability_threshold=None, encoded_labels=False, raw_score=False, round=4, verbose=True, ml_usecase=MLUsecase.CLASSIFICATION, display=None)
2021-08-01 07:37:50,477:INFO:Checking exceptions
2021-08-01 07:37:50,478:INFO:Preloading libraries
2021-08-01 07:37:50,793:INFO:Initializing predict_model()
2021-08-01 07:37:50,793:INFO:predict_model(estimator=Pipeline(steps=[('dtypes',
                 DataTypes_Auto_infer(ml_usecase='classification',
                                      target='Class/ASD')),
                ('imputer',
                 Simple_Imputer(categorical_strategy='not_available',
                                fill_value_categorical=None,
                                fill_value_numerical=None,
                                numeric_strategy='mean',
                                target_variable=None)),
                ('new_levels1',
                 New_Catagorical_Levels_in_TestData(replacement_strategy='least '
                                                                         'frequent',
                                                    t...
                ('binn', 'passthrough'), ('rem_outliers', 'passthrough'),
                ('cluster_all', 'passthrough'),
                ('dummy', Dummify(target='Class/ASD')),
                ('fix_perfect', 'passthrough'),
                ('clean_names', Clean_Colum_Names()),
                ('feature_select', 'passthrough'), ('fix_multi', 'passthrough'),
                ('dfs', 'passthrough'), ('pca', 'passthrough'),
                ['trained_model', DecisionTreeClassifier(random_state=6769)]]), probability_threshold=None, encoded_labels=False, raw_score=False, round=4, verbose=True, ml_usecase=MLUsecase.CLASSIFICATION, display=None)
2021-08-01 07:37:50,794:INFO:Checking exceptions
2021-08-01 07:37:50,794:INFO:Preloading libraries
2021-08-01 07:37:54,624:INFO:Initializing load_model()
2021-08-01 07:37:54,625:INFO:load_model(model_name=autism-Toddler2021-7-28, platform=None, authentication=None, verbose=True)
2021-08-01 07:37:54,657:INFO:Initializing predict_model()
2021-08-01 07:37:54,658:INFO:predict_model(estimator=Pipeline(steps=[('dtypes',
                 DataTypes_Auto_infer(ml_usecase='classification',
                                      target='Class/ASD')),
                ('imputer',
                 Simple_Imputer(categorical_strategy='not_available',
                                fill_value_categorical=None,
                                fill_value_numerical=None,
                                numeric_strategy='mean',
                                target_variable=None)),
                ('new_levels1',
                 New_Catagorical_Levels_in_TestData(replacement_strategy='least '
                                                                         'frequent',
                                                    t...
                ('binn', 'passthrough'), ('rem_outliers', 'passthrough'),
                ('cluster_all', 'passthrough'),
                ('dummy', Dummify(target='Class/ASD')),
                ('fix_perfect', 'passthrough'),
                ('clean_names', Clean_Colum_Names()),
                ('feature_select', 'passthrough'), ('fix_multi', 'passthrough'),
                ('dfs', 'passthrough'), ('pca', 'passthrough'),
                ['trained_model', DecisionTreeClassifier(random_state=6769)]]), probability_threshold=None, encoded_labels=False, raw_score=False, round=4, verbose=True, ml_usecase=MLUsecase.CLASSIFICATION, display=None)
2021-08-01 07:37:54,659:INFO:Checking exceptions
2021-08-01 07:37:54,664:INFO:Preloading libraries
2021-08-01 07:37:56,438:INFO:Initializing load_model()
2021-08-01 07:37:56,439:INFO:load_model(model_name=autism-Toddler2021-7-28, platform=None, authentication=None, verbose=True)
2021-08-01 07:37:56,469:INFO:Initializing predict_model()
2021-08-01 07:37:56,470:INFO:predict_model(estimator=Pipeline(steps=[('dtypes',
                 DataTypes_Auto_infer(ml_usecase='classification',
                                      target='Class/ASD')),
                ('imputer',
                 Simple_Imputer(categorical_strategy='not_available',
                                fill_value_categorical=None,
                                fill_value_numerical=None,
                                numeric_strategy='mean',
                                target_variable=None)),
                ('new_levels1',
                 New_Catagorical_Levels_in_TestData(replacement_strategy='least '
                                                                         'frequent',
                                                    t...
                ('binn', 'passthrough'), ('rem_outliers', 'passthrough'),
                ('cluster_all', 'passthrough'),
                ('dummy', Dummify(target='Class/ASD')),
                ('fix_perfect', 'passthrough'),
                ('clean_names', Clean_Colum_Names()),
                ('feature_select', 'passthrough'), ('fix_multi', 'passthrough'),
                ('dfs', 'passthrough'), ('pca', 'passthrough'),
                ['trained_model', DecisionTreeClassifier(random_state=6769)]]), probability_threshold=None, encoded_labels=False, raw_score=False, round=4, verbose=True, ml_usecase=MLUsecase.CLASSIFICATION, display=None)
2021-08-01 07:37:56,471:INFO:Checking exceptions
2021-08-01 07:37:56,471:INFO:Preloading libraries
2021-08-01 07:37:58,336:INFO:Initializing load_model()
2021-08-01 07:37:58,337:INFO:load_model(model_name=autism-Toddler2021-7-28, platform=None, authentication=None, verbose=True)
2021-08-01 07:37:58,368:INFO:Initializing predict_model()
2021-08-01 07:37:58,368:INFO:predict_model(estimator=Pipeline(steps=[('dtypes',
                 DataTypes_Auto_infer(ml_usecase='classification',
                                      target='Class/ASD')),
                ('imputer',
                 Simple_Imputer(categorical_strategy='not_available',
                                fill_value_categorical=None,
                                fill_value_numerical=None,
                                numeric_strategy='mean',
                                target_variable=None)),
                ('new_levels1',
                 New_Catagorical_Levels_in_TestData(replacement_strategy='least '
                                                                         'frequent',
                                                    t...
                ('binn', 'passthrough'), ('rem_outliers', 'passthrough'),
                ('cluster_all', 'passthrough'),
                ('dummy', Dummify(target='Class/ASD')),
                ('fix_perfect', 'passthrough'),
                ('clean_names', Clean_Colum_Names()),
                ('feature_select', 'passthrough'), ('fix_multi', 'passthrough'),
                ('dfs', 'passthrough'), ('pca', 'passthrough'),
                ['trained_model', DecisionTreeClassifier(random_state=6769)]]), probability_threshold=None, encoded_labels=False, raw_score=False, round=4, verbose=True, ml_usecase=MLUsecase.CLASSIFICATION, display=None)
2021-08-01 07:37:58,369:INFO:Checking exceptions
2021-08-01 07:37:58,370:INFO:Preloading libraries
2021-08-01 07:37:58,666:INFO:Initializing predict_model()
2021-08-01 07:37:58,666:INFO:predict_model(estimator=Pipeline(steps=[('dtypes',
                 DataTypes_Auto_infer(ml_usecase='classification',
                                      target='Class/ASD')),
                ('imputer',
                 Simple_Imputer(categorical_strategy='not_available',
                                fill_value_categorical=None,
                                fill_value_numerical=None,
                                numeric_strategy='mean',
                                target_variable=None)),
                ('new_levels1',
                 New_Catagorical_Levels_in_TestData(replacement_strategy='least '
                                                                         'frequent',
                                                    t...
                ('binn', 'passthrough'), ('rem_outliers', 'passthrough'),
                ('cluster_all', 'passthrough'),
                ('dummy', Dummify(target='Class/ASD')),
                ('fix_perfect', 'passthrough'),
                ('clean_names', Clean_Colum_Names()),
                ('feature_select', 'passthrough'), ('fix_multi', 'passthrough'),
                ('dfs', 'passthrough'), ('pca', 'passthrough'),
                ['trained_model', DecisionTreeClassifier(random_state=6769)]]), probability_threshold=None, encoded_labels=False, raw_score=False, round=4, verbose=True, ml_usecase=MLUsecase.CLASSIFICATION, display=None)
2021-08-01 07:37:58,668:INFO:Checking exceptions
2021-08-01 07:37:58,668:INFO:Preloading libraries
2021-08-01 07:38:00,292:INFO:Initializing load_model()
2021-08-01 07:38:00,293:INFO:load_model(model_name=autism-Toddler2021-7-28, platform=None, authentication=None, verbose=True)
2021-08-01 07:38:00,326:INFO:Initializing predict_model()
2021-08-01 07:38:00,327:INFO:predict_model(estimator=Pipeline(steps=[('dtypes',
                 DataTypes_Auto_infer(ml_usecase='classification',
                                      target='Class/ASD')),
                ('imputer',
                 Simple_Imputer(categorical_strategy='not_available',
                                fill_value_categorical=None,
                                fill_value_numerical=None,
                                numeric_strategy='mean',
                                target_variable=None)),
                ('new_levels1',
                 New_Catagorical_Levels_in_TestData(replacement_strategy='least '
                                                                         'frequent',
                                                    t...
                ('binn', 'passthrough'), ('rem_outliers', 'passthrough'),
                ('cluster_all', 'passthrough'),
                ('dummy', Dummify(target='Class/ASD')),
                ('fix_perfect', 'passthrough'),
                ('clean_names', Clean_Colum_Names()),
                ('feature_select', 'passthrough'), ('fix_multi', 'passthrough'),
                ('dfs', 'passthrough'), ('pca', 'passthrough'),
                ['trained_model', DecisionTreeClassifier(random_state=6769)]]), probability_threshold=None, encoded_labels=False, raw_score=False, round=4, verbose=True, ml_usecase=MLUsecase.CLASSIFICATION, display=None)
2021-08-01 07:38:00,328:INFO:Checking exceptions
2021-08-01 07:38:00,329:INFO:Preloading libraries
2021-08-01 07:38:00,754:INFO:Initializing load_model()
2021-08-01 07:38:00,754:INFO:load_model(model_name=autism-Toddler2021-7-28, platform=None, authentication=None, verbose=True)
2021-08-01 07:38:00,795:INFO:Initializing predict_model()
2021-08-01 07:38:00,795:INFO:predict_model(estimator=Pipeline(steps=[('dtypes',
                 DataTypes_Auto_infer(ml_usecase='classification',
                                      target='Class/ASD')),
                ('imputer',
                 Simple_Imputer(categorical_strategy='not_available',
                                fill_value_categorical=None,
                                fill_value_numerical=None,
                                numeric_strategy='mean',
                                target_variable=None)),
                ('new_levels1',
                 New_Catagorical_Levels_in_TestData(replacement_strategy='least '
                                                                         'frequent',
                                                    t...
                ('binn', 'passthrough'), ('rem_outliers', 'passthrough'),
                ('cluster_all', 'passthrough'),
                ('dummy', Dummify(target='Class/ASD')),
                ('fix_perfect', 'passthrough'),
                ('clean_names', Clean_Colum_Names()),
                ('feature_select', 'passthrough'), ('fix_multi', 'passthrough'),
                ('dfs', 'passthrough'), ('pca', 'passthrough'),
                ['trained_model', DecisionTreeClassifier(random_state=6769)]]), probability_threshold=None, encoded_labels=False, raw_score=False, round=4, verbose=True, ml_usecase=MLUsecase.CLASSIFICATION, display=None)
2021-08-01 07:38:00,796:INFO:Checking exceptions
2021-08-01 07:38:00,796:INFO:Preloading libraries
2021-08-01 07:38:04,014:INFO:Initializing load_model()
2021-08-01 07:38:04,014:INFO:load_model(model_name=autism-Toddler2021-7-28, platform=None, authentication=None, verbose=True)
2021-08-01 07:38:04,047:INFO:Initializing predict_model()
2021-08-01 07:38:04,050:INFO:predict_model(estimator=Pipeline(steps=[('dtypes',
                 DataTypes_Auto_infer(ml_usecase='classification',
                                      target='Class/ASD')),
                ('imputer',
                 Simple_Imputer(categorical_strategy='not_available',
                                fill_value_categorical=None,
                                fill_value_numerical=None,
                                numeric_strategy='mean',
                                target_variable=None)),
                ('new_levels1',
                 New_Catagorical_Levels_in_TestData(replacement_strategy='least '
                                                                         'frequent',
                                                    t...
                ('binn', 'passthrough'), ('rem_outliers', 'passthrough'),
                ('cluster_all', 'passthrough'),
                ('dummy', Dummify(target='Class/ASD')),
                ('fix_perfect', 'passthrough'),
                ('clean_names', Clean_Colum_Names()),
                ('feature_select', 'passthrough'), ('fix_multi', 'passthrough'),
                ('dfs', 'passthrough'), ('pca', 'passthrough'),
                ['trained_model', DecisionTreeClassifier(random_state=6769)]]), probability_threshold=None, encoded_labels=False, raw_score=False, round=4, verbose=True, ml_usecase=MLUsecase.CLASSIFICATION, display=None)
2021-08-01 07:38:04,052:INFO:Checking exceptions
2021-08-01 07:38:04,053:INFO:Preloading libraries
2021-08-01 07:38:05,742:INFO:Initializing load_model()
2021-08-01 07:38:05,742:INFO:load_model(model_name=autism-Toddler2021-7-28, platform=None, authentication=None, verbose=True)
2021-08-01 07:38:05,770:INFO:Initializing predict_model()
2021-08-01 07:38:05,771:INFO:predict_model(estimator=Pipeline(steps=[('dtypes',
                 DataTypes_Auto_infer(ml_usecase='classification',
                                      target='Class/ASD')),
                ('imputer',
                 Simple_Imputer(categorical_strategy='not_available',
                                fill_value_categorical=None,
                                fill_value_numerical=None,
                                numeric_strategy='mean',
                                target_variable=None)),
                ('new_levels1',
                 New_Catagorical_Levels_in_TestData(replacement_strategy='least '
                                                                         'frequent',
                                                    t...
                ('binn', 'passthrough'), ('rem_outliers', 'passthrough'),
                ('cluster_all', 'passthrough'),
                ('dummy', Dummify(target='Class/ASD')),
                ('fix_perfect', 'passthrough'),
                ('clean_names', Clean_Colum_Names()),
                ('feature_select', 'passthrough'), ('fix_multi', 'passthrough'),
                ('dfs', 'passthrough'), ('pca', 'passthrough'),
                ['trained_model', DecisionTreeClassifier(random_state=6769)]]), probability_threshold=None, encoded_labels=False, raw_score=False, round=4, verbose=True, ml_usecase=MLUsecase.CLASSIFICATION, display=None)
2021-08-01 07:38:05,774:INFO:Checking exceptions
2021-08-01 07:38:05,775:INFO:Preloading libraries
2021-08-01 07:38:08,719:INFO:Initializing load_model()
2021-08-01 07:38:08,720:INFO:load_model(model_name=autism-Toddler2021-7-28, platform=None, authentication=None, verbose=True)
2021-08-01 07:38:08,764:INFO:Initializing predict_model()
2021-08-01 07:38:08,767:INFO:predict_model(estimator=Pipeline(steps=[('dtypes',
                 DataTypes_Auto_infer(ml_usecase='classification',
                                      target='Class/ASD')),
                ('imputer',
                 Simple_Imputer(categorical_strategy='not_available',
                                fill_value_categorical=None,
                                fill_value_numerical=None,
                                numeric_strategy='mean',
                                target_variable=None)),
                ('new_levels1',
                 New_Catagorical_Levels_in_TestData(replacement_strategy='least '
                                                                         'frequent',
                                                    t...
                ('binn', 'passthrough'), ('rem_outliers', 'passthrough'),
                ('cluster_all', 'passthrough'),
                ('dummy', Dummify(target='Class/ASD')),
                ('fix_perfect', 'passthrough'),
                ('clean_names', Clean_Colum_Names()),
                ('feature_select', 'passthrough'), ('fix_multi', 'passthrough'),
                ('dfs', 'passthrough'), ('pca', 'passthrough'),
                ['trained_model', DecisionTreeClassifier(random_state=6769)]]), probability_threshold=None, encoded_labels=False, raw_score=False, round=4, verbose=True, ml_usecase=MLUsecase.CLASSIFICATION, display=None)
2021-08-01 07:38:08,770:INFO:Checking exceptions
2021-08-01 07:38:08,784:INFO:Preloading libraries
2021-08-01 07:38:09,115:INFO:Initializing predict_model()
2021-08-01 07:38:09,115:INFO:predict_model(estimator=Pipeline(steps=[('dtypes',
                 DataTypes_Auto_infer(ml_usecase='classification',
                                      target='Class/ASD')),
                ('imputer',
                 Simple_Imputer(categorical_strategy='not_available',
                                fill_value_categorical=None,
                                fill_value_numerical=None,
                                numeric_strategy='mean',
                                target_variable=None)),
                ('new_levels1',
                 New_Catagorical_Levels_in_TestData(replacement_strategy='least '
                                                                         'frequent',
                                                    t...
                ('binn', 'passthrough'), ('rem_outliers', 'passthrough'),
                ('cluster_all', 'passthrough'),
                ('dummy', Dummify(target='Class/ASD')),
                ('fix_perfect', 'passthrough'),
                ('clean_names', Clean_Colum_Names()),
                ('feature_select', 'passthrough'), ('fix_multi', 'passthrough'),
                ('dfs', 'passthrough'), ('pca', 'passthrough'),
                ['trained_model', DecisionTreeClassifier(random_state=6769)]]), probability_threshold=None, encoded_labels=False, raw_score=False, round=4, verbose=True, ml_usecase=MLUsecase.CLASSIFICATION, display=None)
2021-08-01 07:38:09,117:INFO:Checking exceptions
2021-08-01 07:38:09,118:INFO:Preloading libraries
2021-08-01 07:39:14,464:INFO:Initializing load_model()
2021-08-01 07:39:14,465:INFO:load_model(model_name=autism-Toddler2021-7-28, platform=None, authentication=None, verbose=True)
2021-08-01 07:39:14,512:INFO:Initializing predict_model()
2021-08-01 07:39:14,526:INFO:predict_model(estimator=Pipeline(steps=[('dtypes',
                 DataTypes_Auto_infer(ml_usecase='classification',
                                      target='Class/ASD')),
                ('imputer',
                 Simple_Imputer(categorical_strategy='not_available',
                                fill_value_categorical=None,
                                fill_value_numerical=None,
                                numeric_strategy='mean',
                                target_variable=None)),
                ('new_levels1',
                 New_Catagorical_Levels_in_TestData(replacement_strategy='least '
                                                                         'frequent',
                                                    t...
                ('binn', 'passthrough'), ('rem_outliers', 'passthrough'),
                ('cluster_all', 'passthrough'),
                ('dummy', Dummify(target='Class/ASD')),
                ('fix_perfect', 'passthrough'),
                ('clean_names', Clean_Colum_Names()),
                ('feature_select', 'passthrough'), ('fix_multi', 'passthrough'),
                ('dfs', 'passthrough'), ('pca', 'passthrough'),
                ['trained_model', DecisionTreeClassifier(random_state=6769)]]), probability_threshold=None, encoded_labels=False, raw_score=False, round=4, verbose=True, ml_usecase=MLUsecase.CLASSIFICATION, display=None)
2021-08-01 07:39:14,536:INFO:Checking exceptions
2021-08-01 07:39:14,541:INFO:Preloading libraries
2021-08-01 07:39:20,519:INFO:Initializing load_model()
2021-08-01 07:39:20,519:INFO:load_model(model_name=autism-Toddler2021-7-28, platform=None, authentication=None, verbose=True)
2021-08-01 07:39:20,557:INFO:Initializing predict_model()
2021-08-01 07:39:20,560:INFO:predict_model(estimator=Pipeline(steps=[('dtypes',
                 DataTypes_Auto_infer(ml_usecase='classification',
                                      target='Class/ASD')),
                ('imputer',
                 Simple_Imputer(categorical_strategy='not_available',
                                fill_value_categorical=None,
                                fill_value_numerical=None,
                                numeric_strategy='mean',
                                target_variable=None)),
                ('new_levels1',
                 New_Catagorical_Levels_in_TestData(replacement_strategy='least '
                                                                         'frequent',
                                                    t...
                ('binn', 'passthrough'), ('rem_outliers', 'passthrough'),
                ('cluster_all', 'passthrough'),
                ('dummy', Dummify(target='Class/ASD')),
                ('fix_perfect', 'passthrough'),
                ('clean_names', Clean_Colum_Names()),
                ('feature_select', 'passthrough'), ('fix_multi', 'passthrough'),
                ('dfs', 'passthrough'), ('pca', 'passthrough'),
                ['trained_model', DecisionTreeClassifier(random_state=6769)]]), probability_threshold=None, encoded_labels=False, raw_score=False, round=4, verbose=True, ml_usecase=MLUsecase.CLASSIFICATION, display=None)
2021-08-01 07:39:20,560:INFO:Checking exceptions
2021-08-01 07:39:20,561:INFO:Preloading libraries
2021-08-01 07:39:20,898:INFO:Initializing predict_model()
2021-08-01 07:39:20,898:INFO:predict_model(estimator=Pipeline(steps=[('dtypes',
                 DataTypes_Auto_infer(ml_usecase='classification',
                                      target='Class/ASD')),
                ('imputer',
                 Simple_Imputer(categorical_strategy='not_available',
                                fill_value_categorical=None,
                                fill_value_numerical=None,
                                numeric_strategy='mean',
                                target_variable=None)),
                ('new_levels1',
                 New_Catagorical_Levels_in_TestData(replacement_strategy='least '
                                                                         'frequent',
                                                    t...
                ('binn', 'passthrough'), ('rem_outliers', 'passthrough'),
                ('cluster_all', 'passthrough'),
                ('dummy', Dummify(target='Class/ASD')),
                ('fix_perfect', 'passthrough'),
                ('clean_names', Clean_Colum_Names()),
                ('feature_select', 'passthrough'), ('fix_multi', 'passthrough'),
                ('dfs', 'passthrough'), ('pca', 'passthrough'),
                ['trained_model', DecisionTreeClassifier(random_state=6769)]]), probability_threshold=None, encoded_labels=False, raw_score=False, round=4, verbose=True, ml_usecase=MLUsecase.CLASSIFICATION, display=None)
2021-08-01 07:39:20,899:INFO:Checking exceptions
2021-08-01 07:39:20,902:INFO:Preloading libraries
2021-08-01 07:39:25,078:INFO:Initializing load_model()
2021-08-01 07:39:25,078:INFO:load_model(model_name=autism-Child-2021-7-28, platform=None, authentication=None, verbose=True)
2021-08-01 07:39:25,134:INFO:Initializing predict_model()
2021-08-01 07:39:25,135:INFO:predict_model(estimator=Pipeline(steps=[('dtypes',
                 DataTypes_Auto_infer(ml_usecase='classification',
                                      target='Class/ASD')),
                ('imputer',
                 Simple_Imputer(categorical_strategy='not_available',
                                fill_value_categorical=None,
                                fill_value_numerical=None,
                                numeric_strategy='mean',
                                target_variable=None)),
                ('new_levels1',
                 New_Catagorical_Levels_in_TestData(replacement_strategy='least '
                                                                         'frequent',
                                                    t...
                ('binn', 'passthrough'), ('rem_outliers', 'passthrough'),
                ('cluster_all', 'passthrough'),
                ('dummy', Dummify(target='Class/ASD')),
                ('fix_perfect', 'passthrough'),
                ('clean_names', Clean_Colum_Names()),
                ('feature_select', 'passthrough'), ('fix_multi', 'passthrough'),
                ('dfs', 'passthrough'), ('pca', 'passthrough'),
                ['trained_model', DecisionTreeClassifier(random_state=215)]]), probability_threshold=None, encoded_labels=False, raw_score=False, round=4, verbose=True, ml_usecase=MLUsecase.CLASSIFICATION, display=None)
2021-08-01 07:39:25,135:INFO:Checking exceptions
2021-08-01 07:39:25,136:INFO:Preloading libraries
2021-08-01 07:39:27,076:INFO:Initializing load_model()
2021-08-01 07:39:27,076:INFO:load_model(model_name=autism-Child-2021-7-28, platform=None, authentication=None, verbose=True)
2021-08-01 07:39:27,114:INFO:Initializing predict_model()
2021-08-01 07:39:27,121:INFO:predict_model(estimator=Pipeline(steps=[('dtypes',
                 DataTypes_Auto_infer(ml_usecase='classification',
                                      target='Class/ASD')),
                ('imputer',
                 Simple_Imputer(categorical_strategy='not_available',
                                fill_value_categorical=None,
                                fill_value_numerical=None,
                                numeric_strategy='mean',
                                target_variable=None)),
                ('new_levels1',
                 New_Catagorical_Levels_in_TestData(replacement_strategy='least '
                                                                         'frequent',
                                                    t...
                ('binn', 'passthrough'), ('rem_outliers', 'passthrough'),
                ('cluster_all', 'passthrough'),
                ('dummy', Dummify(target='Class/ASD')),
                ('fix_perfect', 'passthrough'),
                ('clean_names', Clean_Colum_Names()),
                ('feature_select', 'passthrough'), ('fix_multi', 'passthrough'),
                ('dfs', 'passthrough'), ('pca', 'passthrough'),
                ['trained_model', DecisionTreeClassifier(random_state=215)]]), probability_threshold=None, encoded_labels=False, raw_score=False, round=4, verbose=True, ml_usecase=MLUsecase.CLASSIFICATION, display=None)
2021-08-01 07:39:27,122:INFO:Checking exceptions
2021-08-01 07:39:27,123:INFO:Preloading libraries
2021-08-01 07:39:27,458:INFO:Initializing predict_model()
2021-08-01 07:39:27,461:INFO:predict_model(estimator=Pipeline(steps=[('dtypes',
                 DataTypes_Auto_infer(ml_usecase='classification',
                                      target='Class/ASD')),
                ('imputer',
                 Simple_Imputer(categorical_strategy='not_available',
                                fill_value_categorical=None,
                                fill_value_numerical=None,
                                numeric_strategy='mean',
                                target_variable=None)),
                ('new_levels1',
                 New_Catagorical_Levels_in_TestData(replacement_strategy='least '
                                                                         'frequent',
                                                    t...
                ('binn', 'passthrough'), ('rem_outliers', 'passthrough'),
                ('cluster_all', 'passthrough'),
                ('dummy', Dummify(target='Class/ASD')),
                ('fix_perfect', 'passthrough'),
                ('clean_names', Clean_Colum_Names()),
                ('feature_select', 'passthrough'), ('fix_multi', 'passthrough'),
                ('dfs', 'passthrough'), ('pca', 'passthrough'),
                ['trained_model', DecisionTreeClassifier(random_state=215)]]), probability_threshold=None, encoded_labels=False, raw_score=False, round=4, verbose=True, ml_usecase=MLUsecase.CLASSIFICATION, display=None)
2021-08-01 07:39:27,462:INFO:Checking exceptions
2021-08-01 07:39:27,462:INFO:Preloading libraries
2021-08-01 07:39:29,785:INFO:Initializing load_model()
2021-08-01 07:39:29,786:INFO:load_model(model_name=autism-Adolescent-2021-7-28, platform=None, authentication=None, verbose=True)
2021-08-01 07:39:29,860:INFO:Initializing predict_model()
2021-08-01 07:39:29,867:INFO:predict_model(estimator=Pipeline(steps=[('dtypes',
                 DataTypes_Auto_infer(ml_usecase='classification',
                                      target='Class/ASD')),
                ('imputer',
                 Simple_Imputer(categorical_strategy='not_available',
                                fill_value_categorical=None,
                                fill_value_numerical=None,
                                numeric_strategy='mean',
                                target_variable=None)),
                ('new_levels1',
                 New_Catagorical_Levels_in_TestData(replacement_strategy='least '
                                                                         'frequent',
                                                    t...
                ('binn', 'passthrough'), ('rem_outliers', 'passthrough'),
                ('cluster_all', 'passthrough'),
                ('dummy', Dummify(target='Class/ASD')),
                ('fix_perfect', 'passthrough'),
                ('clean_names', Clean_Colum_Names()),
                ('feature_select', 'passthrough'), ('fix_multi', 'passthrough'),
                ('dfs', 'passthrough'), ('pca', 'passthrough'),
                ['trained_model', AdaBoostClassifier(random_state=2411)]]), probability_threshold=None, encoded_labels=False, raw_score=False, round=4, verbose=True, ml_usecase=MLUsecase.CLASSIFICATION, display=None)
2021-08-01 07:39:29,868:INFO:Checking exceptions
2021-08-01 07:39:29,869:INFO:Preloading libraries
2021-08-01 07:39:32,937:INFO:Initializing load_model()
2021-08-01 07:39:32,937:INFO:load_model(model_name=autism-Adolescent-2021-7-28, platform=None, authentication=None, verbose=True)
2021-08-01 07:39:33,003:INFO:Initializing predict_model()
2021-08-01 07:39:33,011:INFO:predict_model(estimator=Pipeline(steps=[('dtypes',
                 DataTypes_Auto_infer(ml_usecase='classification',
                                      target='Class/ASD')),
                ('imputer',
                 Simple_Imputer(categorical_strategy='not_available',
                                fill_value_categorical=None,
                                fill_value_numerical=None,
                                numeric_strategy='mean',
                                target_variable=None)),
                ('new_levels1',
                 New_Catagorical_Levels_in_TestData(replacement_strategy='least '
                                                                         'frequent',
                                                    t...
                ('binn', 'passthrough'), ('rem_outliers', 'passthrough'),
                ('cluster_all', 'passthrough'),
                ('dummy', Dummify(target='Class/ASD')),
                ('fix_perfect', 'passthrough'),
                ('clean_names', Clean_Colum_Names()),
                ('feature_select', 'passthrough'), ('fix_multi', 'passthrough'),
                ('dfs', 'passthrough'), ('pca', 'passthrough'),
                ['trained_model', AdaBoostClassifier(random_state=2411)]]), probability_threshold=None, encoded_labels=False, raw_score=False, round=4, verbose=True, ml_usecase=MLUsecase.CLASSIFICATION, display=None)
2021-08-01 07:39:33,012:INFO:Checking exceptions
2021-08-01 07:39:33,013:INFO:Preloading libraries
2021-08-01 07:39:33,373:INFO:Initializing predict_model()
2021-08-01 07:39:33,373:INFO:predict_model(estimator=Pipeline(steps=[('dtypes',
                 DataTypes_Auto_infer(ml_usecase='classification',
                                      target='Class/ASD')),
                ('imputer',
                 Simple_Imputer(categorical_strategy='not_available',
                                fill_value_categorical=None,
                                fill_value_numerical=None,
                                numeric_strategy='mean',
                                target_variable=None)),
                ('new_levels1',
                 New_Catagorical_Levels_in_TestData(replacement_strategy='least '
                                                                         'frequent',
                                                    t...
                ('binn', 'passthrough'), ('rem_outliers', 'passthrough'),
                ('cluster_all', 'passthrough'),
                ('dummy', Dummify(target='Class/ASD')),
                ('fix_perfect', 'passthrough'),
                ('clean_names', Clean_Colum_Names()),
                ('feature_select', 'passthrough'), ('fix_multi', 'passthrough'),
                ('dfs', 'passthrough'), ('pca', 'passthrough'),
                ['trained_model', AdaBoostClassifier(random_state=2411)]]), probability_threshold=None, encoded_labels=False, raw_score=False, round=4, verbose=True, ml_usecase=MLUsecase.CLASSIFICATION, display=None)
2021-08-01 07:39:33,374:INFO:Checking exceptions
2021-08-01 07:39:33,374:INFO:Preloading libraries
2021-08-01 07:39:36,850:INFO:Initializing load_model()
2021-08-01 07:39:36,856:INFO:load_model(model_name=autism-Adult2021-7-28, platform=None, authentication=None, verbose=True)
2021-08-01 07:39:36,906:INFO:Initializing predict_model()
2021-08-01 07:39:36,921:INFO:predict_model(estimator=Pipeline(steps=[('dtypes',
                 DataTypes_Auto_infer(ml_usecase='classification',
                                      target='Class/ASD')),
                ('imputer',
                 Simple_Imputer(categorical_strategy='not_available',
                                fill_value_categorical=None,
                                fill_value_numerical=None,
                                numeric_strategy='mean',
                                target_variable=None)),
                ('new_levels1',
                 New_Catagorical_Levels_in_TestData(replacement_strategy='least '
                                                                         'frequent',
                                                    t...
                ('binn', 'passthrough'), ('rem_outliers', 'passthrough'),
                ('cluster_all', 'passthrough'),
                ('dummy', Dummify(target='Class/ASD')),
                ('fix_perfect', 'passthrough'),
                ('clean_names', Clean_Colum_Names()),
                ('feature_select', 'passthrough'), ('fix_multi', 'passthrough'),
                ('dfs', 'passthrough'), ('pca', 'passthrough'),
                ['trained_model', DecisionTreeClassifier(random_state=1324)]]), probability_threshold=None, encoded_labels=False, raw_score=False, round=4, verbose=True, ml_usecase=MLUsecase.CLASSIFICATION, display=None)
2021-08-01 07:39:36,923:INFO:Checking exceptions
2021-08-01 07:39:36,924:INFO:Preloading libraries
2021-08-01 07:39:39,706:INFO:Initializing load_model()
2021-08-01 07:39:39,707:INFO:load_model(model_name=autism-Adult2021-7-28, platform=None, authentication=None, verbose=True)
2021-08-01 07:39:39,758:INFO:Initializing predict_model()
2021-08-01 07:39:39,760:INFO:predict_model(estimator=Pipeline(steps=[('dtypes',
                 DataTypes_Auto_infer(ml_usecase='classification',
                                      target='Class/ASD')),
                ('imputer',
                 Simple_Imputer(categorical_strategy='not_available',
                                fill_value_categorical=None,
                                fill_value_numerical=None,
                                numeric_strategy='mean',
                                target_variable=None)),
                ('new_levels1',
                 New_Catagorical_Levels_in_TestData(replacement_strategy='least '
                                                                         'frequent',
                                                    t...
                ('binn', 'passthrough'), ('rem_outliers', 'passthrough'),
                ('cluster_all', 'passthrough'),
                ('dummy', Dummify(target='Class/ASD')),
                ('fix_perfect', 'passthrough'),
                ('clean_names', Clean_Colum_Names()),
                ('feature_select', 'passthrough'), ('fix_multi', 'passthrough'),
                ('dfs', 'passthrough'), ('pca', 'passthrough'),
                ['trained_model', DecisionTreeClassifier(random_state=1324)]]), probability_threshold=None, encoded_labels=False, raw_score=False, round=4, verbose=True, ml_usecase=MLUsecase.CLASSIFICATION, display=None)
2021-08-01 07:39:39,762:INFO:Checking exceptions
2021-08-01 07:39:39,762:INFO:Preloading libraries
2021-08-01 07:39:40,112:INFO:Initializing predict_model()
2021-08-01 07:39:40,113:INFO:predict_model(estimator=Pipeline(steps=[('dtypes',
                 DataTypes_Auto_infer(ml_usecase='classification',
                                      target='Class/ASD')),
                ('imputer',
                 Simple_Imputer(categorical_strategy='not_available',
                                fill_value_categorical=None,
                                fill_value_numerical=None,
                                numeric_strategy='mean',
                                target_variable=None)),
                ('new_levels1',
                 New_Catagorical_Levels_in_TestData(replacement_strategy='least '
                                                                         'frequent',
                                                    t...
                ('binn', 'passthrough'), ('rem_outliers', 'passthrough'),
                ('cluster_all', 'passthrough'),
                ('dummy', Dummify(target='Class/ASD')),
                ('fix_perfect', 'passthrough'),
                ('clean_names', Clean_Colum_Names()),
                ('feature_select', 'passthrough'), ('fix_multi', 'passthrough'),
                ('dfs', 'passthrough'), ('pca', 'passthrough'),
                ['trained_model', DecisionTreeClassifier(random_state=1324)]]), probability_threshold=None, encoded_labels=False, raw_score=False, round=4, verbose=True, ml_usecase=MLUsecase.CLASSIFICATION, display=None)
2021-08-01 07:39:40,114:INFO:Checking exceptions
2021-08-01 07:39:40,115:INFO:Preloading libraries
2021-08-01 07:39:44,160:INFO:Initializing load_model()
2021-08-01 07:39:44,160:INFO:load_model(model_name=autism-Toddler2021-7-28, platform=None, authentication=None, verbose=True)
2021-08-01 07:39:44,196:INFO:Initializing predict_model()
2021-08-01 07:39:44,197:INFO:predict_model(estimator=Pipeline(steps=[('dtypes',
                 DataTypes_Auto_infer(ml_usecase='classification',
                                      target='Class/ASD')),
                ('imputer',
                 Simple_Imputer(categorical_strategy='not_available',
                                fill_value_categorical=None,
                                fill_value_numerical=None,
                                numeric_strategy='mean',
                                target_variable=None)),
                ('new_levels1',
                 New_Catagorical_Levels_in_TestData(replacement_strategy='least '
                                                                         'frequent',
                                                    t...
                ('binn', 'passthrough'), ('rem_outliers', 'passthrough'),
                ('cluster_all', 'passthrough'),
                ('dummy', Dummify(target='Class/ASD')),
                ('fix_perfect', 'passthrough'),
                ('clean_names', Clean_Colum_Names()),
                ('feature_select', 'passthrough'), ('fix_multi', 'passthrough'),
                ('dfs', 'passthrough'), ('pca', 'passthrough'),
                ['trained_model', DecisionTreeClassifier(random_state=6769)]]), probability_threshold=None, encoded_labels=False, raw_score=False, round=4, verbose=True, ml_usecase=MLUsecase.CLASSIFICATION, display=None)
2021-08-01 07:39:44,198:INFO:Checking exceptions
2021-08-01 07:39:44,199:INFO:Preloading libraries
2021-08-01 07:39:47,445:INFO:Initializing load_model()
2021-08-01 07:39:47,446:INFO:load_model(model_name=autism-Toddler2021-7-28, platform=None, authentication=None, verbose=True)
2021-08-01 07:39:47,492:INFO:Initializing predict_model()
2021-08-01 07:39:47,494:INFO:predict_model(estimator=Pipeline(steps=[('dtypes',
                 DataTypes_Auto_infer(ml_usecase='classification',
                                      target='Class/ASD')),
                ('imputer',
                 Simple_Imputer(categorical_strategy='not_available',
                                fill_value_categorical=None,
                                fill_value_numerical=None,
                                numeric_strategy='mean',
                                target_variable=None)),
                ('new_levels1',
                 New_Catagorical_Levels_in_TestData(replacement_strategy='least '
                                                                         'frequent',
                                                    t...
                ('binn', 'passthrough'), ('rem_outliers', 'passthrough'),
                ('cluster_all', 'passthrough'),
                ('dummy', Dummify(target='Class/ASD')),
                ('fix_perfect', 'passthrough'),
                ('clean_names', Clean_Colum_Names()),
                ('feature_select', 'passthrough'), ('fix_multi', 'passthrough'),
                ('dfs', 'passthrough'), ('pca', 'passthrough'),
                ['trained_model', DecisionTreeClassifier(random_state=6769)]]), probability_threshold=None, encoded_labels=False, raw_score=False, round=4, verbose=True, ml_usecase=MLUsecase.CLASSIFICATION, display=None)
2021-08-01 07:39:47,494:INFO:Checking exceptions
2021-08-01 07:39:47,495:INFO:Preloading libraries
2021-08-01 07:39:47,823:INFO:Initializing predict_model()
2021-08-01 07:39:47,824:INFO:predict_model(estimator=Pipeline(steps=[('dtypes',
                 DataTypes_Auto_infer(ml_usecase='classification',
                                      target='Class/ASD')),
                ('imputer',
                 Simple_Imputer(categorical_strategy='not_available',
                                fill_value_categorical=None,
                                fill_value_numerical=None,
                                numeric_strategy='mean',
                                target_variable=None)),
                ('new_levels1',
                 New_Catagorical_Levels_in_TestData(replacement_strategy='least '
                                                                         'frequent',
                                                    t...
                ('binn', 'passthrough'), ('rem_outliers', 'passthrough'),
                ('cluster_all', 'passthrough'),
                ('dummy', Dummify(target='Class/ASD')),
                ('fix_perfect', 'passthrough'),
                ('clean_names', Clean_Colum_Names()),
                ('feature_select', 'passthrough'), ('fix_multi', 'passthrough'),
                ('dfs', 'passthrough'), ('pca', 'passthrough'),
                ['trained_model', DecisionTreeClassifier(random_state=6769)]]), probability_threshold=None, encoded_labels=False, raw_score=False, round=4, verbose=True, ml_usecase=MLUsecase.CLASSIFICATION, display=None)
2021-08-01 07:39:47,825:INFO:Checking exceptions
2021-08-01 07:39:47,825:INFO:Preloading libraries
2021-08-01 07:40:48,040:INFO:Initializing load_model()
2021-08-01 07:40:48,042:INFO:load_model(model_name=autism-Toddler2021-7-28, platform=None, authentication=None, verbose=True)
2021-08-01 07:40:48,088:INFO:Initializing predict_model()
2021-08-01 07:40:48,089:INFO:predict_model(estimator=Pipeline(steps=[('dtypes',
                 DataTypes_Auto_infer(ml_usecase='classification',
                                      target='Class/ASD')),
                ('imputer',
                 Simple_Imputer(categorical_strategy='not_available',
                                fill_value_categorical=None,
                                fill_value_numerical=None,
                                numeric_strategy='mean',
                                target_variable=None)),
                ('new_levels1',
                 New_Catagorical_Levels_in_TestData(replacement_strategy='least '
                                                                         'frequent',
                                                    t...
                ('binn', 'passthrough'), ('rem_outliers', 'passthrough'),
                ('cluster_all', 'passthrough'),
                ('dummy', Dummify(target='Class/ASD')),
                ('fix_perfect', 'passthrough'),
                ('clean_names', Clean_Colum_Names()),
                ('feature_select', 'passthrough'), ('fix_multi', 'passthrough'),
                ('dfs', 'passthrough'), ('pca', 'passthrough'),
                ['trained_model', DecisionTreeClassifier(random_state=6769)]]), probability_threshold=None, encoded_labels=False, raw_score=False, round=4, verbose=True, ml_usecase=MLUsecase.CLASSIFICATION, display=None)
2021-08-01 07:40:48,091:INFO:Checking exceptions
2021-08-01 07:40:48,092:INFO:Preloading libraries
2021-08-01 07:40:48,410:INFO:Initializing predict_model()
2021-08-01 07:40:48,411:INFO:predict_model(estimator=Pipeline(steps=[('dtypes',
                 DataTypes_Auto_infer(ml_usecase='classification',
                                      target='Class/ASD')),
                ('imputer',
                 Simple_Imputer(categorical_strategy='not_available',
                                fill_value_categorical=None,
                                fill_value_numerical=None,
                                numeric_strategy='mean',
                                target_variable=None)),
                ('new_levels1',
                 New_Catagorical_Levels_in_TestData(replacement_strategy='least '
                                                                         'frequent',
                                                    t...
                ('binn', 'passthrough'), ('rem_outliers', 'passthrough'),
                ('cluster_all', 'passthrough'),
                ('dummy', Dummify(target='Class/ASD')),
                ('fix_perfect', 'passthrough'),
                ('clean_names', Clean_Colum_Names()),
                ('feature_select', 'passthrough'), ('fix_multi', 'passthrough'),
                ('dfs', 'passthrough'), ('pca', 'passthrough'),
                ['trained_model', DecisionTreeClassifier(random_state=6769)]]), probability_threshold=None, encoded_labels=False, raw_score=False, round=4, verbose=True, ml_usecase=MLUsecase.CLASSIFICATION, display=None)
2021-08-01 07:40:48,412:INFO:Checking exceptions
2021-08-01 07:40:48,412:INFO:Preloading libraries
2021-08-01 07:40:52,547:INFO:Initializing load_model()
2021-08-01 07:40:52,548:INFO:load_model(model_name=autism-Toddler2021-7-28, platform=None, authentication=None, verbose=True)
2021-08-01 07:40:52,583:INFO:Initializing predict_model()
2021-08-01 07:40:52,584:INFO:predict_model(estimator=Pipeline(steps=[('dtypes',
                 DataTypes_Auto_infer(ml_usecase='classification',
                                      target='Class/ASD')),
                ('imputer',
                 Simple_Imputer(categorical_strategy='not_available',
                                fill_value_categorical=None,
                                fill_value_numerical=None,
                                numeric_strategy='mean',
                                target_variable=None)),
                ('new_levels1',
                 New_Catagorical_Levels_in_TestData(replacement_strategy='least '
                                                                         'frequent',
                                                    t...
                ('binn', 'passthrough'), ('rem_outliers', 'passthrough'),
                ('cluster_all', 'passthrough'),
                ('dummy', Dummify(target='Class/ASD')),
                ('fix_perfect', 'passthrough'),
                ('clean_names', Clean_Colum_Names()),
                ('feature_select', 'passthrough'), ('fix_multi', 'passthrough'),
                ('dfs', 'passthrough'), ('pca', 'passthrough'),
                ['trained_model', DecisionTreeClassifier(random_state=6769)]]), probability_threshold=None, encoded_labels=False, raw_score=False, round=4, verbose=True, ml_usecase=MLUsecase.CLASSIFICATION, display=None)
2021-08-01 07:40:52,586:INFO:Checking exceptions
2021-08-01 07:40:52,587:INFO:Preloading libraries
2021-08-01 07:40:54,495:INFO:Initializing load_model()
2021-08-01 07:40:54,495:INFO:load_model(model_name=autism-Toddler2021-7-28, platform=None, authentication=None, verbose=True)
2021-08-01 07:40:54,535:INFO:Initializing predict_model()
2021-08-01 07:40:54,537:INFO:predict_model(estimator=Pipeline(steps=[('dtypes',
                 DataTypes_Auto_infer(ml_usecase='classification',
                                      target='Class/ASD')),
                ('imputer',
                 Simple_Imputer(categorical_strategy='not_available',
                                fill_value_categorical=None,
                                fill_value_numerical=None,
                                numeric_strategy='mean',
                                target_variable=None)),
                ('new_levels1',
                 New_Catagorical_Levels_in_TestData(replacement_strategy='least '
                                                                         'frequent',
                                                    t...
                ('binn', 'passthrough'), ('rem_outliers', 'passthrough'),
                ('cluster_all', 'passthrough'),
                ('dummy', Dummify(target='Class/ASD')),
                ('fix_perfect', 'passthrough'),
                ('clean_names', Clean_Colum_Names()),
                ('feature_select', 'passthrough'), ('fix_multi', 'passthrough'),
                ('dfs', 'passthrough'), ('pca', 'passthrough'),
                ['trained_model', DecisionTreeClassifier(random_state=6769)]]), probability_threshold=None, encoded_labels=False, raw_score=False, round=4, verbose=True, ml_usecase=MLUsecase.CLASSIFICATION, display=None)
2021-08-01 07:40:54,539:INFO:Checking exceptions
2021-08-01 07:40:54,539:INFO:Preloading libraries
2021-08-01 07:40:57,023:INFO:Initializing load_model()
2021-08-01 07:40:57,023:INFO:load_model(model_name=autism-Toddler2021-7-28, platform=None, authentication=None, verbose=True)
2021-08-01 07:40:57,055:INFO:Initializing predict_model()
2021-08-01 07:40:57,055:INFO:predict_model(estimator=Pipeline(steps=[('dtypes',
                 DataTypes_Auto_infer(ml_usecase='classification',
                                      target='Class/ASD')),
                ('imputer',
                 Simple_Imputer(categorical_strategy='not_available',
                                fill_value_categorical=None,
                                fill_value_numerical=None,
                                numeric_strategy='mean',
                                target_variable=None)),
                ('new_levels1',
                 New_Catagorical_Levels_in_TestData(replacement_strategy='least '
                                                                         'frequent',
                                                    t...
                ('binn', 'passthrough'), ('rem_outliers', 'passthrough'),
                ('cluster_all', 'passthrough'),
                ('dummy', Dummify(target='Class/ASD')),
                ('fix_perfect', 'passthrough'),
                ('clean_names', Clean_Colum_Names()),
                ('feature_select', 'passthrough'), ('fix_multi', 'passthrough'),
                ('dfs', 'passthrough'), ('pca', 'passthrough'),
                ['trained_model', DecisionTreeClassifier(random_state=6769)]]), probability_threshold=None, encoded_labels=False, raw_score=False, round=4, verbose=True, ml_usecase=MLUsecase.CLASSIFICATION, display=None)
2021-08-01 07:40:57,056:INFO:Checking exceptions
2021-08-01 07:40:57,057:INFO:Preloading libraries
2021-08-01 07:40:57,390:INFO:Initializing predict_model()
2021-08-01 07:40:57,391:INFO:predict_model(estimator=Pipeline(steps=[('dtypes',
                 DataTypes_Auto_infer(ml_usecase='classification',
                                      target='Class/ASD')),
                ('imputer',
                 Simple_Imputer(categorical_strategy='not_available',
                                fill_value_categorical=None,
                                fill_value_numerical=None,
                                numeric_strategy='mean',
                                target_variable=None)),
                ('new_levels1',
                 New_Catagorical_Levels_in_TestData(replacement_strategy='least '
                                                                         'frequent',
                                                    t...
                ('binn', 'passthrough'), ('rem_outliers', 'passthrough'),
                ('cluster_all', 'passthrough'),
                ('dummy', Dummify(target='Class/ASD')),
                ('fix_perfect', 'passthrough'),
                ('clean_names', Clean_Colum_Names()),
                ('feature_select', 'passthrough'), ('fix_multi', 'passthrough'),
                ('dfs', 'passthrough'), ('pca', 'passthrough'),
                ['trained_model', DecisionTreeClassifier(random_state=6769)]]), probability_threshold=None, encoded_labels=False, raw_score=False, round=4, verbose=True, ml_usecase=MLUsecase.CLASSIFICATION, display=None)
2021-08-01 07:40:57,392:INFO:Checking exceptions
2021-08-01 07:40:57,392:INFO:Preloading libraries
2021-08-01 07:46:55,028:INFO:Initializing load_model()
2021-08-01 07:46:55,028:INFO:load_model(model_name=autism-Child-2021-7-28, platform=None, authentication=None, verbose=True)
2021-08-01 07:48:21,306:INFO:Initializing load_model()
2021-08-01 07:48:21,307:INFO:load_model(model_name=autism-Toddler2021-7-28, platform=None, authentication=None, verbose=True)
2021-08-01 07:48:21,374:INFO:Initializing predict_model()
2021-08-01 07:48:21,375:INFO:predict_model(estimator=Pipeline(steps=[('dtypes',
                 DataTypes_Auto_infer(ml_usecase='classification',
                                      target='Class/ASD')),
                ('imputer',
                 Simple_Imputer(categorical_strategy='not_available',
                                fill_value_categorical=None,
                                fill_value_numerical=None,
                                numeric_strategy='mean',
                                target_variable=None)),
                ('new_levels1',
                 New_Catagorical_Levels_in_TestData(replacement_strategy='least '
                                                                         'frequent',
                                                    t...
                ('binn', 'passthrough'), ('rem_outliers', 'passthrough'),
                ('cluster_all', 'passthrough'),
                ('dummy', Dummify(target='Class/ASD')),
                ('fix_perfect', 'passthrough'),
                ('clean_names', Clean_Colum_Names()),
                ('feature_select', 'passthrough'), ('fix_multi', 'passthrough'),
                ('dfs', 'passthrough'), ('pca', 'passthrough'),
                ['trained_model', DecisionTreeClassifier(random_state=6769)]]), probability_threshold=None, encoded_labels=False, raw_score=False, round=4, verbose=True, ml_usecase=MLUsecase.CLASSIFICATION, display=None)
2021-08-01 07:48:21,376:INFO:Checking exceptions
2021-08-01 07:48:21,377:INFO:Preloading libraries
2021-08-01 07:48:24,949:INFO:Initializing load_model()
2021-08-01 07:48:24,949:INFO:load_model(model_name=autism-Toddler2021-7-28, platform=None, authentication=None, verbose=True)
2021-08-01 07:48:24,981:INFO:Initializing predict_model()
2021-08-01 07:48:24,984:INFO:predict_model(estimator=Pipeline(steps=[('dtypes',
                 DataTypes_Auto_infer(ml_usecase='classification',
                                      target='Class/ASD')),
                ('imputer',
                 Simple_Imputer(categorical_strategy='not_available',
                                fill_value_categorical=None,
                                fill_value_numerical=None,
                                numeric_strategy='mean',
                                target_variable=None)),
                ('new_levels1',
                 New_Catagorical_Levels_in_TestData(replacement_strategy='least '
                                                                         'frequent',
                                                    t...
                ('binn', 'passthrough'), ('rem_outliers', 'passthrough'),
                ('cluster_all', 'passthrough'),
                ('dummy', Dummify(target='Class/ASD')),
                ('fix_perfect', 'passthrough'),
                ('clean_names', Clean_Colum_Names()),
                ('feature_select', 'passthrough'), ('fix_multi', 'passthrough'),
                ('dfs', 'passthrough'), ('pca', 'passthrough'),
                ['trained_model', DecisionTreeClassifier(random_state=6769)]]), probability_threshold=None, encoded_labels=False, raw_score=False, round=4, verbose=True, ml_usecase=MLUsecase.CLASSIFICATION, display=None)
2021-08-01 07:48:24,986:INFO:Checking exceptions
2021-08-01 07:48:24,986:INFO:Preloading libraries
2021-08-01 07:48:27,049:INFO:Initializing load_model()
2021-08-01 07:48:27,050:INFO:load_model(model_name=autism-Toddler2021-7-28, platform=None, authentication=None, verbose=True)
2021-08-01 07:48:27,089:INFO:Initializing predict_model()
2021-08-01 07:48:27,089:INFO:predict_model(estimator=Pipeline(steps=[('dtypes',
                 DataTypes_Auto_infer(ml_usecase='classification',
                                      target='Class/ASD')),
                ('imputer',
                 Simple_Imputer(categorical_strategy='not_available',
                                fill_value_categorical=None,
                                fill_value_numerical=None,
                                numeric_strategy='mean',
                                target_variable=None)),
                ('new_levels1',
                 New_Catagorical_Levels_in_TestData(replacement_strategy='least '
                                                                         'frequent',
                                                    t...
                ('binn', 'passthrough'), ('rem_outliers', 'passthrough'),
                ('cluster_all', 'passthrough'),
                ('dummy', Dummify(target='Class/ASD')),
                ('fix_perfect', 'passthrough'),
                ('clean_names', Clean_Colum_Names()),
                ('feature_select', 'passthrough'), ('fix_multi', 'passthrough'),
                ('dfs', 'passthrough'), ('pca', 'passthrough'),
                ['trained_model', DecisionTreeClassifier(random_state=6769)]]), probability_threshold=None, encoded_labels=False, raw_score=False, round=4, verbose=True, ml_usecase=MLUsecase.CLASSIFICATION, display=None)
2021-08-01 07:48:27,090:INFO:Checking exceptions
2021-08-01 07:48:27,090:INFO:Preloading libraries
2021-08-01 07:48:32,220:INFO:Initializing load_model()
2021-08-01 07:48:32,221:INFO:load_model(model_name=autism-Toddler2021-7-28, platform=None, authentication=None, verbose=True)
2021-08-01 07:48:32,256:INFO:Initializing predict_model()
2021-08-01 07:48:32,257:INFO:predict_model(estimator=Pipeline(steps=[('dtypes',
                 DataTypes_Auto_infer(ml_usecase='classification',
                                      target='Class/ASD')),
                ('imputer',
                 Simple_Imputer(categorical_strategy='not_available',
                                fill_value_categorical=None,
                                fill_value_numerical=None,
                                numeric_strategy='mean',
                                target_variable=None)),
                ('new_levels1',
                 New_Catagorical_Levels_in_TestData(replacement_strategy='least '
                                                                         'frequent',
                                                    t...
                ('binn', 'passthrough'), ('rem_outliers', 'passthrough'),
                ('cluster_all', 'passthrough'),
                ('dummy', Dummify(target='Class/ASD')),
                ('fix_perfect', 'passthrough'),
                ('clean_names', Clean_Colum_Names()),
                ('feature_select', 'passthrough'), ('fix_multi', 'passthrough'),
                ('dfs', 'passthrough'), ('pca', 'passthrough'),
                ['trained_model', DecisionTreeClassifier(random_state=6769)]]), probability_threshold=None, encoded_labels=False, raw_score=False, round=4, verbose=True, ml_usecase=MLUsecase.CLASSIFICATION, display=None)
2021-08-01 07:48:32,259:INFO:Checking exceptions
2021-08-01 07:48:32,259:INFO:Preloading libraries
2021-08-01 07:48:32,630:INFO:Initializing predict_model()
2021-08-01 07:48:32,630:INFO:predict_model(estimator=Pipeline(steps=[('dtypes',
                 DataTypes_Auto_infer(ml_usecase='classification',
                                      target='Class/ASD')),
                ('imputer',
                 Simple_Imputer(categorical_strategy='not_available',
                                fill_value_categorical=None,
                                fill_value_numerical=None,
                                numeric_strategy='mean',
                                target_variable=None)),
                ('new_levels1',
                 New_Catagorical_Levels_in_TestData(replacement_strategy='least '
                                                                         'frequent',
                                                    t...
                ('binn', 'passthrough'), ('rem_outliers', 'passthrough'),
                ('cluster_all', 'passthrough'),
                ('dummy', Dummify(target='Class/ASD')),
                ('fix_perfect', 'passthrough'),
                ('clean_names', Clean_Colum_Names()),
                ('feature_select', 'passthrough'), ('fix_multi', 'passthrough'),
                ('dfs', 'passthrough'), ('pca', 'passthrough'),
                ['trained_model', DecisionTreeClassifier(random_state=6769)]]), probability_threshold=None, encoded_labels=False, raw_score=False, round=4, verbose=True, ml_usecase=MLUsecase.CLASSIFICATION, display=None)
2021-08-01 07:48:32,631:INFO:Checking exceptions
2021-08-01 07:48:32,631:INFO:Preloading libraries
2021-08-01 07:48:38,657:INFO:Initializing load_model()
2021-08-01 07:48:38,657:INFO:load_model(model_name=autism-Toddler2021-7-28, platform=None, authentication=None, verbose=True)
2021-08-01 07:48:38,692:INFO:Initializing predict_model()
2021-08-01 07:48:38,703:INFO:predict_model(estimator=Pipeline(steps=[('dtypes',
                 DataTypes_Auto_infer(ml_usecase='classification',
                                      target='Class/ASD')),
                ('imputer',
                 Simple_Imputer(categorical_strategy='not_available',
                                fill_value_categorical=None,
                                fill_value_numerical=None,
                                numeric_strategy='mean',
                                target_variable=None)),
                ('new_levels1',
                 New_Catagorical_Levels_in_TestData(replacement_strategy='least '
                                                                         'frequent',
                                                    t...
                ('binn', 'passthrough'), ('rem_outliers', 'passthrough'),
                ('cluster_all', 'passthrough'),
                ('dummy', Dummify(target='Class/ASD')),
                ('fix_perfect', 'passthrough'),
                ('clean_names', Clean_Colum_Names()),
                ('feature_select', 'passthrough'), ('fix_multi', 'passthrough'),
                ('dfs', 'passthrough'), ('pca', 'passthrough'),
                ['trained_model', DecisionTreeClassifier(random_state=6769)]]), probability_threshold=None, encoded_labels=False, raw_score=False, round=4, verbose=True, ml_usecase=MLUsecase.CLASSIFICATION, display=None)
2021-08-01 07:48:38,705:INFO:Checking exceptions
2021-08-01 07:48:38,726:INFO:Preloading libraries
2021-08-01 07:48:39,080:INFO:Initializing predict_model()
2021-08-01 07:48:39,080:INFO:predict_model(estimator=Pipeline(steps=[('dtypes',
                 DataTypes_Auto_infer(ml_usecase='classification',
                                      target='Class/ASD')),
                ('imputer',
                 Simple_Imputer(categorical_strategy='not_available',
                                fill_value_categorical=None,
                                fill_value_numerical=None,
                                numeric_strategy='mean',
                                target_variable=None)),
                ('new_levels1',
                 New_Catagorical_Levels_in_TestData(replacement_strategy='least '
                                                                         'frequent',
                                                    t...
                ('binn', 'passthrough'), ('rem_outliers', 'passthrough'),
                ('cluster_all', 'passthrough'),
                ('dummy', Dummify(target='Class/ASD')),
                ('fix_perfect', 'passthrough'),
                ('clean_names', Clean_Colum_Names()),
                ('feature_select', 'passthrough'), ('fix_multi', 'passthrough'),
                ('dfs', 'passthrough'), ('pca', 'passthrough'),
                ['trained_model', DecisionTreeClassifier(random_state=6769)]]), probability_threshold=None, encoded_labels=False, raw_score=False, round=4, verbose=True, ml_usecase=MLUsecase.CLASSIFICATION, display=None)
2021-08-01 07:48:39,080:INFO:Checking exceptions
2021-08-01 07:48:39,081:INFO:Preloading libraries
2021-08-01 07:48:43,051:INFO:Initializing load_model()
2021-08-01 07:48:43,051:INFO:load_model(model_name=autism-Child-2021-7-28, platform=None, authentication=None, verbose=True)
2021-08-01 07:48:43,093:INFO:Initializing predict_model()
2021-08-01 07:48:43,093:INFO:predict_model(estimator=Pipeline(steps=[('dtypes',
                 DataTypes_Auto_infer(ml_usecase='classification',
                                      target='Class/ASD')),
                ('imputer',
                 Simple_Imputer(categorical_strategy='not_available',
                                fill_value_categorical=None,
                                fill_value_numerical=None,
                                numeric_strategy='mean',
                                target_variable=None)),
                ('new_levels1',
                 New_Catagorical_Levels_in_TestData(replacement_strategy='least '
                                                                         'frequent',
                                                    t...
                ('binn', 'passthrough'), ('rem_outliers', 'passthrough'),
                ('cluster_all', 'passthrough'),
                ('dummy', Dummify(target='Class/ASD')),
                ('fix_perfect', 'passthrough'),
                ('clean_names', Clean_Colum_Names()),
                ('feature_select', 'passthrough'), ('fix_multi', 'passthrough'),
                ('dfs', 'passthrough'), ('pca', 'passthrough'),
                ['trained_model', DecisionTreeClassifier(random_state=215)]]), probability_threshold=None, encoded_labels=False, raw_score=False, round=4, verbose=True, ml_usecase=MLUsecase.CLASSIFICATION, display=None)
2021-08-01 07:48:43,095:INFO:Checking exceptions
2021-08-01 07:48:43,099:INFO:Preloading libraries
2021-08-01 07:48:47,042:INFO:Initializing load_model()
2021-08-01 07:48:47,042:INFO:load_model(model_name=autism-Child-2021-7-28, platform=None, authentication=None, verbose=True)
2021-08-01 07:48:47,078:INFO:Initializing predict_model()
2021-08-01 07:48:47,080:INFO:predict_model(estimator=Pipeline(steps=[('dtypes',
                 DataTypes_Auto_infer(ml_usecase='classification',
                                      target='Class/ASD')),
                ('imputer',
                 Simple_Imputer(categorical_strategy='not_available',
                                fill_value_categorical=None,
                                fill_value_numerical=None,
                                numeric_strategy='mean',
                                target_variable=None)),
                ('new_levels1',
                 New_Catagorical_Levels_in_TestData(replacement_strategy='least '
                                                                         'frequent',
                                                    t...
                ('binn', 'passthrough'), ('rem_outliers', 'passthrough'),
                ('cluster_all', 'passthrough'),
                ('dummy', Dummify(target='Class/ASD')),
                ('fix_perfect', 'passthrough'),
                ('clean_names', Clean_Colum_Names()),
                ('feature_select', 'passthrough'), ('fix_multi', 'passthrough'),
                ('dfs', 'passthrough'), ('pca', 'passthrough'),
                ['trained_model', DecisionTreeClassifier(random_state=215)]]), probability_threshold=None, encoded_labels=False, raw_score=False, round=4, verbose=True, ml_usecase=MLUsecase.CLASSIFICATION, display=None)
2021-08-01 07:48:47,081:INFO:Checking exceptions
2021-08-01 07:48:47,081:INFO:Preloading libraries
2021-08-01 07:48:47,425:INFO:Initializing predict_model()
2021-08-01 07:48:47,427:INFO:predict_model(estimator=Pipeline(steps=[('dtypes',
                 DataTypes_Auto_infer(ml_usecase='classification',
                                      target='Class/ASD')),
                ('imputer',
                 Simple_Imputer(categorical_strategy='not_available',
                                fill_value_categorical=None,
                                fill_value_numerical=None,
                                numeric_strategy='mean',
                                target_variable=None)),
                ('new_levels1',
                 New_Catagorical_Levels_in_TestData(replacement_strategy='least '
                                                                         'frequent',
                                                    t...
                ('binn', 'passthrough'), ('rem_outliers', 'passthrough'),
                ('cluster_all', 'passthrough'),
                ('dummy', Dummify(target='Class/ASD')),
                ('fix_perfect', 'passthrough'),
                ('clean_names', Clean_Colum_Names()),
                ('feature_select', 'passthrough'), ('fix_multi', 'passthrough'),
                ('dfs', 'passthrough'), ('pca', 'passthrough'),
                ['trained_model', DecisionTreeClassifier(random_state=215)]]), probability_threshold=None, encoded_labels=False, raw_score=False, round=4, verbose=True, ml_usecase=MLUsecase.CLASSIFICATION, display=None)
2021-08-01 07:48:47,429:INFO:Checking exceptions
2021-08-01 07:48:47,429:INFO:Preloading libraries
2021-08-01 07:48:52,275:INFO:Initializing load_model()
2021-08-01 07:48:52,275:INFO:load_model(model_name=autism-Adult2021-7-28, platform=None, authentication=None, verbose=True)
2021-08-01 07:48:52,317:INFO:Initializing predict_model()
2021-08-01 07:48:52,318:INFO:predict_model(estimator=Pipeline(steps=[('dtypes',
                 DataTypes_Auto_infer(ml_usecase='classification',
                                      target='Class/ASD')),
                ('imputer',
                 Simple_Imputer(categorical_strategy='not_available',
                                fill_value_categorical=None,
                                fill_value_numerical=None,
                                numeric_strategy='mean',
                                target_variable=None)),
                ('new_levels1',
                 New_Catagorical_Levels_in_TestData(replacement_strategy='least '
                                                                         'frequent',
                                                    t...
                ('binn', 'passthrough'), ('rem_outliers', 'passthrough'),
                ('cluster_all', 'passthrough'),
                ('dummy', Dummify(target='Class/ASD')),
                ('fix_perfect', 'passthrough'),
                ('clean_names', Clean_Colum_Names()),
                ('feature_select', 'passthrough'), ('fix_multi', 'passthrough'),
                ('dfs', 'passthrough'), ('pca', 'passthrough'),
                ['trained_model', DecisionTreeClassifier(random_state=1324)]]), probability_threshold=None, encoded_labels=False, raw_score=False, round=4, verbose=True, ml_usecase=MLUsecase.CLASSIFICATION, display=None)
2021-08-01 07:48:52,319:INFO:Checking exceptions
2021-08-01 07:48:52,319:INFO:Preloading libraries
2021-08-01 07:48:55,211:INFO:Initializing load_model()
2021-08-01 07:48:55,213:INFO:load_model(model_name=autism-Adult2021-7-28, platform=None, authentication=None, verbose=True)
2021-08-01 07:48:55,255:INFO:Initializing predict_model()
2021-08-01 07:48:55,263:INFO:predict_model(estimator=Pipeline(steps=[('dtypes',
                 DataTypes_Auto_infer(ml_usecase='classification',
                                      target='Class/ASD')),
                ('imputer',
                 Simple_Imputer(categorical_strategy='not_available',
                                fill_value_categorical=None,
                                fill_value_numerical=None,
                                numeric_strategy='mean',
                                target_variable=None)),
                ('new_levels1',
                 New_Catagorical_Levels_in_TestData(replacement_strategy='least '
                                                                         'frequent',
                                                    t...
                ('binn', 'passthrough'), ('rem_outliers', 'passthrough'),
                ('cluster_all', 'passthrough'),
                ('dummy', Dummify(target='Class/ASD')),
                ('fix_perfect', 'passthrough'),
                ('clean_names', Clean_Colum_Names()),
                ('feature_select', 'passthrough'), ('fix_multi', 'passthrough'),
                ('dfs', 'passthrough'), ('pca', 'passthrough'),
                ['trained_model', DecisionTreeClassifier(random_state=1324)]]), probability_threshold=None, encoded_labels=False, raw_score=False, round=4, verbose=True, ml_usecase=MLUsecase.CLASSIFICATION, display=None)
2021-08-01 07:48:55,265:INFO:Checking exceptions
2021-08-01 07:48:55,266:INFO:Preloading libraries
2021-08-01 07:48:55,614:INFO:Initializing predict_model()
2021-08-01 07:48:55,615:INFO:predict_model(estimator=Pipeline(steps=[('dtypes',
                 DataTypes_Auto_infer(ml_usecase='classification',
                                      target='Class/ASD')),
                ('imputer',
                 Simple_Imputer(categorical_strategy='not_available',
                                fill_value_categorical=None,
                                fill_value_numerical=None,
                                numeric_strategy='mean',
                                target_variable=None)),
                ('new_levels1',
                 New_Catagorical_Levels_in_TestData(replacement_strategy='least '
                                                                         'frequent',
                                                    t...
                ('binn', 'passthrough'), ('rem_outliers', 'passthrough'),
                ('cluster_all', 'passthrough'),
                ('dummy', Dummify(target='Class/ASD')),
                ('fix_perfect', 'passthrough'),
                ('clean_names', Clean_Colum_Names()),
                ('feature_select', 'passthrough'), ('fix_multi', 'passthrough'),
                ('dfs', 'passthrough'), ('pca', 'passthrough'),
                ['trained_model', DecisionTreeClassifier(random_state=1324)]]), probability_threshold=None, encoded_labels=False, raw_score=False, round=4, verbose=True, ml_usecase=MLUsecase.CLASSIFICATION, display=None)
2021-08-01 07:48:55,617:INFO:Checking exceptions
2021-08-01 07:48:55,618:INFO:Preloading libraries
2021-08-01 07:48:58,430:INFO:Initializing load_model()
2021-08-01 07:48:58,432:INFO:load_model(model_name=autism-Toddler2021-7-28, platform=None, authentication=None, verbose=True)
2021-08-01 07:48:58,476:INFO:Initializing predict_model()
2021-08-01 07:48:58,478:INFO:predict_model(estimator=Pipeline(steps=[('dtypes',
                 DataTypes_Auto_infer(ml_usecase='classification',
                                      target='Class/ASD')),
                ('imputer',
                 Simple_Imputer(categorical_strategy='not_available',
                                fill_value_categorical=None,
                                fill_value_numerical=None,
                                numeric_strategy='mean',
                                target_variable=None)),
                ('new_levels1',
                 New_Catagorical_Levels_in_TestData(replacement_strategy='least '
                                                                         'frequent',
                                                    t...
                ('binn', 'passthrough'), ('rem_outliers', 'passthrough'),
                ('cluster_all', 'passthrough'),
                ('dummy', Dummify(target='Class/ASD')),
                ('fix_perfect', 'passthrough'),
                ('clean_names', Clean_Colum_Names()),
                ('feature_select', 'passthrough'), ('fix_multi', 'passthrough'),
                ('dfs', 'passthrough'), ('pca', 'passthrough'),
                ['trained_model', DecisionTreeClassifier(random_state=6769)]]), probability_threshold=None, encoded_labels=False, raw_score=False, round=4, verbose=True, ml_usecase=MLUsecase.CLASSIFICATION, display=None)
2021-08-01 07:48:58,479:INFO:Checking exceptions
2021-08-01 07:48:58,480:INFO:Preloading libraries
2021-08-01 07:49:01,663:INFO:Initializing load_model()
2021-08-01 07:49:01,672:INFO:load_model(model_name=autism-Toddler2021-7-28, platform=None, authentication=None, verbose=True)
2021-08-01 07:49:01,732:INFO:Initializing predict_model()
2021-08-01 07:49:01,741:INFO:predict_model(estimator=Pipeline(steps=[('dtypes',
                 DataTypes_Auto_infer(ml_usecase='classification',
                                      target='Class/ASD')),
                ('imputer',
                 Simple_Imputer(categorical_strategy='not_available',
                                fill_value_categorical=None,
                                fill_value_numerical=None,
                                numeric_strategy='mean',
                                target_variable=None)),
                ('new_levels1',
                 New_Catagorical_Levels_in_TestData(replacement_strategy='least '
                                                                         'frequent',
                                                    t...
                ('binn', 'passthrough'), ('rem_outliers', 'passthrough'),
                ('cluster_all', 'passthrough'),
                ('dummy', Dummify(target='Class/ASD')),
                ('fix_perfect', 'passthrough'),
                ('clean_names', Clean_Colum_Names()),
                ('feature_select', 'passthrough'), ('fix_multi', 'passthrough'),
                ('dfs', 'passthrough'), ('pca', 'passthrough'),
                ['trained_model', DecisionTreeClassifier(random_state=6769)]]), probability_threshold=None, encoded_labels=False, raw_score=False, round=4, verbose=True, ml_usecase=MLUsecase.CLASSIFICATION, display=None)
2021-08-01 07:49:01,742:INFO:Checking exceptions
2021-08-01 07:49:01,743:INFO:Preloading libraries
2021-08-01 07:49:02,119:INFO:Initializing predict_model()
2021-08-01 07:49:02,120:INFO:predict_model(estimator=Pipeline(steps=[('dtypes',
                 DataTypes_Auto_infer(ml_usecase='classification',
                                      target='Class/ASD')),
                ('imputer',
                 Simple_Imputer(categorical_strategy='not_available',
                                fill_value_categorical=None,
                                fill_value_numerical=None,
                                numeric_strategy='mean',
                                target_variable=None)),
                ('new_levels1',
                 New_Catagorical_Levels_in_TestData(replacement_strategy='least '
                                                                         'frequent',
                                                    t...
                ('binn', 'passthrough'), ('rem_outliers', 'passthrough'),
                ('cluster_all', 'passthrough'),
                ('dummy', Dummify(target='Class/ASD')),
                ('fix_perfect', 'passthrough'),
                ('clean_names', Clean_Colum_Names()),
                ('feature_select', 'passthrough'), ('fix_multi', 'passthrough'),
                ('dfs', 'passthrough'), ('pca', 'passthrough'),
                ['trained_model', DecisionTreeClassifier(random_state=6769)]]), probability_threshold=None, encoded_labels=False, raw_score=False, round=4, verbose=True, ml_usecase=MLUsecase.CLASSIFICATION, display=None)
2021-08-01 07:49:02,120:INFO:Checking exceptions
2021-08-01 07:49:02,121:INFO:Preloading libraries
2021-08-01 07:49:06,084:INFO:Initializing load_model()
2021-08-01 07:49:06,085:INFO:load_model(model_name=autism-Toddler2021-7-28, platform=None, authentication=None, verbose=True)
2021-08-01 07:49:06,114:INFO:Initializing predict_model()
2021-08-01 07:49:06,115:INFO:predict_model(estimator=Pipeline(steps=[('dtypes',
                 DataTypes_Auto_infer(ml_usecase='classification',
                                      target='Class/ASD')),
                ('imputer',
                 Simple_Imputer(categorical_strategy='not_available',
                                fill_value_categorical=None,
                                fill_value_numerical=None,
                                numeric_strategy='mean',
                                target_variable=None)),
                ('new_levels1',
                 New_Catagorical_Levels_in_TestData(replacement_strategy='least '
                                                                         'frequent',
                                                    t...
                ('binn', 'passthrough'), ('rem_outliers', 'passthrough'),
                ('cluster_all', 'passthrough'),
                ('dummy', Dummify(target='Class/ASD')),
                ('fix_perfect', 'passthrough'),
                ('clean_names', Clean_Colum_Names()),
                ('feature_select', 'passthrough'), ('fix_multi', 'passthrough'),
                ('dfs', 'passthrough'), ('pca', 'passthrough'),
                ['trained_model', DecisionTreeClassifier(random_state=6769)]]), probability_threshold=None, encoded_labels=False, raw_score=False, round=4, verbose=True, ml_usecase=MLUsecase.CLASSIFICATION, display=None)
2021-08-01 07:49:06,116:INFO:Checking exceptions
2021-08-01 07:49:06,116:INFO:Preloading libraries
2021-08-01 07:49:06,452:INFO:Initializing predict_model()
2021-08-01 07:49:06,453:INFO:predict_model(estimator=Pipeline(steps=[('dtypes',
                 DataTypes_Auto_infer(ml_usecase='classification',
                                      target='Class/ASD')),
                ('imputer',
                 Simple_Imputer(categorical_strategy='not_available',
                                fill_value_categorical=None,
                                fill_value_numerical=None,
                                numeric_strategy='mean',
                                target_variable=None)),
                ('new_levels1',
                 New_Catagorical_Levels_in_TestData(replacement_strategy='least '
                                                                         'frequent',
                                                    t...
                ('binn', 'passthrough'), ('rem_outliers', 'passthrough'),
                ('cluster_all', 'passthrough'),
                ('dummy', Dummify(target='Class/ASD')),
                ('fix_perfect', 'passthrough'),
                ('clean_names', Clean_Colum_Names()),
                ('feature_select', 'passthrough'), ('fix_multi', 'passthrough'),
                ('dfs', 'passthrough'), ('pca', 'passthrough'),
                ['trained_model', DecisionTreeClassifier(random_state=6769)]]), probability_threshold=None, encoded_labels=False, raw_score=False, round=4, verbose=True, ml_usecase=MLUsecase.CLASSIFICATION, display=None)
2021-08-01 07:49:06,454:INFO:Checking exceptions
2021-08-01 07:49:06,454:INFO:Preloading libraries
2021-08-01 07:50:14,663:INFO:Initializing load_model()
2021-08-01 07:50:14,664:INFO:load_model(model_name=autism-Toddler2021-7-28, platform=None, authentication=None, verbose=True)
2021-08-01 07:50:14,711:INFO:Initializing predict_model()
2021-08-01 07:50:14,712:INFO:predict_model(estimator=Pipeline(steps=[('dtypes',
                 DataTypes_Auto_infer(ml_usecase='classification',
                                      target='Class/ASD')),
                ('imputer',
                 Simple_Imputer(categorical_strategy='not_available',
                                fill_value_categorical=None,
                                fill_value_numerical=None,
                                numeric_strategy='mean',
                                target_variable=None)),
                ('new_levels1',
                 New_Catagorical_Levels_in_TestData(replacement_strategy='least '
                                                                         'frequent',
                                                    t...
                ('binn', 'passthrough'), ('rem_outliers', 'passthrough'),
                ('cluster_all', 'passthrough'),
                ('dummy', Dummify(target='Class/ASD')),
                ('fix_perfect', 'passthrough'),
                ('clean_names', Clean_Colum_Names()),
                ('feature_select', 'passthrough'), ('fix_multi', 'passthrough'),
                ('dfs', 'passthrough'), ('pca', 'passthrough'),
                ['trained_model', DecisionTreeClassifier(random_state=6769)]]), probability_threshold=None, encoded_labels=False, raw_score=False, round=4, verbose=True, ml_usecase=MLUsecase.CLASSIFICATION, display=None)
2021-08-01 07:50:14,722:INFO:Checking exceptions
2021-08-01 07:50:14,725:INFO:Preloading libraries
2021-08-01 07:50:16,908:INFO:Initializing load_model()
2021-08-01 07:50:16,909:INFO:load_model(model_name=autism-Toddler2021-7-28, platform=None, authentication=None, verbose=True)
2021-08-01 07:50:16,944:INFO:Initializing predict_model()
2021-08-01 07:50:16,953:INFO:predict_model(estimator=Pipeline(steps=[('dtypes',
                 DataTypes_Auto_infer(ml_usecase='classification',
                                      target='Class/ASD')),
                ('imputer',
                 Simple_Imputer(categorical_strategy='not_available',
                                fill_value_categorical=None,
                                fill_value_numerical=None,
                                numeric_strategy='mean',
                                target_variable=None)),
                ('new_levels1',
                 New_Catagorical_Levels_in_TestData(replacement_strategy='least '
                                                                         'frequent',
                                                    t...
                ('binn', 'passthrough'), ('rem_outliers', 'passthrough'),
                ('cluster_all', 'passthrough'),
                ('dummy', Dummify(target='Class/ASD')),
                ('fix_perfect', 'passthrough'),
                ('clean_names', Clean_Colum_Names()),
                ('feature_select', 'passthrough'), ('fix_multi', 'passthrough'),
                ('dfs', 'passthrough'), ('pca', 'passthrough'),
                ['trained_model', DecisionTreeClassifier(random_state=6769)]]), probability_threshold=None, encoded_labels=False, raw_score=False, round=4, verbose=True, ml_usecase=MLUsecase.CLASSIFICATION, display=None)
2021-08-01 07:50:16,955:INFO:Checking exceptions
2021-08-01 07:50:16,955:INFO:Preloading libraries
2021-08-01 07:50:17,407:INFO:Initializing load_model()
2021-08-01 07:50:17,409:INFO:load_model(model_name=autism-Toddler2021-7-28, platform=None, authentication=None, verbose=True)
2021-08-01 07:50:17,472:INFO:Initializing predict_model()
2021-08-01 07:50:17,484:INFO:predict_model(estimator=Pipeline(steps=[('dtypes',
                 DataTypes_Auto_infer(ml_usecase='classification',
                                      target='Class/ASD')),
                ('imputer',
                 Simple_Imputer(categorical_strategy='not_available',
                                fill_value_categorical=None,
                                fill_value_numerical=None,
                                numeric_strategy='mean',
                                target_variable=None)),
                ('new_levels1',
                 New_Catagorical_Levels_in_TestData(replacement_strategy='least '
                                                                         'frequent',
                                                    t...
                ('binn', 'passthrough'), ('rem_outliers', 'passthrough'),
                ('cluster_all', 'passthrough'),
                ('dummy', Dummify(target='Class/ASD')),
                ('fix_perfect', 'passthrough'),
                ('clean_names', Clean_Colum_Names()),
                ('feature_select', 'passthrough'), ('fix_multi', 'passthrough'),
                ('dfs', 'passthrough'), ('pca', 'passthrough'),
                ['trained_model', DecisionTreeClassifier(random_state=6769)]]), probability_threshold=None, encoded_labels=False, raw_score=False, round=4, verbose=True, ml_usecase=MLUsecase.CLASSIFICATION, display=None)
2021-08-01 07:50:17,487:INFO:Checking exceptions
2021-08-01 07:50:17,489:INFO:Preloading libraries
2021-08-01 07:50:21,176:INFO:Initializing load_model()
2021-08-01 07:50:21,177:INFO:load_model(model_name=autism-Toddler2021-7-28, platform=None, authentication=None, verbose=True)
2021-08-01 07:50:21,208:INFO:Initializing predict_model()
2021-08-01 07:50:21,209:INFO:predict_model(estimator=Pipeline(steps=[('dtypes',
                 DataTypes_Auto_infer(ml_usecase='classification',
                                      target='Class/ASD')),
                ('imputer',
                 Simple_Imputer(categorical_strategy='not_available',
                                fill_value_categorical=None,
                                fill_value_numerical=None,
                                numeric_strategy='mean',
                                target_variable=None)),
                ('new_levels1',
                 New_Catagorical_Levels_in_TestData(replacement_strategy='least '
                                                                         'frequent',
                                                    t...
                ('binn', 'passthrough'), ('rem_outliers', 'passthrough'),
                ('cluster_all', 'passthrough'),
                ('dummy', Dummify(target='Class/ASD')),
                ('fix_perfect', 'passthrough'),
                ('clean_names', Clean_Colum_Names()),
                ('feature_select', 'passthrough'), ('fix_multi', 'passthrough'),
                ('dfs', 'passthrough'), ('pca', 'passthrough'),
                ['trained_model', DecisionTreeClassifier(random_state=6769)]]), probability_threshold=None, encoded_labels=False, raw_score=False, round=4, verbose=True, ml_usecase=MLUsecase.CLASSIFICATION, display=None)
2021-08-01 07:50:21,209:INFO:Checking exceptions
2021-08-01 07:50:21,209:INFO:Preloading libraries
2021-08-01 07:50:24,479:INFO:Initializing load_model()
2021-08-01 07:50:24,480:INFO:load_model(model_name=autism-Toddler2021-7-28, platform=None, authentication=None, verbose=True)
2021-08-01 07:50:24,532:INFO:Initializing predict_model()
2021-08-01 07:50:24,540:INFO:predict_model(estimator=Pipeline(steps=[('dtypes',
                 DataTypes_Auto_infer(ml_usecase='classification',
                                      target='Class/ASD')),
                ('imputer',
                 Simple_Imputer(categorical_strategy='not_available',
                                fill_value_categorical=None,
                                fill_value_numerical=None,
                                numeric_strategy='mean',
                                target_variable=None)),
                ('new_levels1',
                 New_Catagorical_Levels_in_TestData(replacement_strategy='least '
                                                                         'frequent',
                                                    t...
                ('binn', 'passthrough'), ('rem_outliers', 'passthrough'),
                ('cluster_all', 'passthrough'),
                ('dummy', Dummify(target='Class/ASD')),
                ('fix_perfect', 'passthrough'),
                ('clean_names', Clean_Colum_Names()),
                ('feature_select', 'passthrough'), ('fix_multi', 'passthrough'),
                ('dfs', 'passthrough'), ('pca', 'passthrough'),
                ['trained_model', DecisionTreeClassifier(random_state=6769)]]), probability_threshold=None, encoded_labels=False, raw_score=False, round=4, verbose=True, ml_usecase=MLUsecase.CLASSIFICATION, display=None)
2021-08-01 07:50:24,541:INFO:Checking exceptions
2021-08-01 07:50:24,543:INFO:Preloading libraries
2021-08-01 07:50:26,776:INFO:Initializing load_model()
2021-08-01 07:50:26,776:INFO:load_model(model_name=autism-Toddler2021-7-28, platform=None, authentication=None, verbose=True)
2021-08-01 07:50:26,806:INFO:Initializing predict_model()
2021-08-01 07:50:26,807:INFO:predict_model(estimator=Pipeline(steps=[('dtypes',
                 DataTypes_Auto_infer(ml_usecase='classification',
                                      target='Class/ASD')),
                ('imputer',
                 Simple_Imputer(categorical_strategy='not_available',
                                fill_value_categorical=None,
                                fill_value_numerical=None,
                                numeric_strategy='mean',
                                target_variable=None)),
                ('new_levels1',
                 New_Catagorical_Levels_in_TestData(replacement_strategy='least '
                                                                         'frequent',
                                                    t...
                ('binn', 'passthrough'), ('rem_outliers', 'passthrough'),
                ('cluster_all', 'passthrough'),
                ('dummy', Dummify(target='Class/ASD')),
                ('fix_perfect', 'passthrough'),
                ('clean_names', Clean_Colum_Names()),
                ('feature_select', 'passthrough'), ('fix_multi', 'passthrough'),
                ('dfs', 'passthrough'), ('pca', 'passthrough'),
                ['trained_model', DecisionTreeClassifier(random_state=6769)]]), probability_threshold=None, encoded_labels=False, raw_score=False, round=4, verbose=True, ml_usecase=MLUsecase.CLASSIFICATION, display=None)
2021-08-01 07:50:26,807:INFO:Checking exceptions
2021-08-01 07:50:26,807:INFO:Preloading libraries
2021-08-01 07:50:27,061:INFO:Initializing predict_model()
2021-08-01 07:50:27,062:INFO:predict_model(estimator=Pipeline(steps=[('dtypes',
                 DataTypes_Auto_infer(ml_usecase='classification',
                                      target='Class/ASD')),
                ('imputer',
                 Simple_Imputer(categorical_strategy='not_available',
                                fill_value_categorical=None,
                                fill_value_numerical=None,
                                numeric_strategy='mean',
                                target_variable=None)),
                ('new_levels1',
                 New_Catagorical_Levels_in_TestData(replacement_strategy='least '
                                                                         'frequent',
                                                    t...
                ('binn', 'passthrough'), ('rem_outliers', 'passthrough'),
                ('cluster_all', 'passthrough'),
                ('dummy', Dummify(target='Class/ASD')),
                ('fix_perfect', 'passthrough'),
                ('clean_names', Clean_Colum_Names()),
                ('feature_select', 'passthrough'), ('fix_multi', 'passthrough'),
                ('dfs', 'passthrough'), ('pca', 'passthrough'),
                ['trained_model', DecisionTreeClassifier(random_state=6769)]]), probability_threshold=None, encoded_labels=False, raw_score=False, round=4, verbose=True, ml_usecase=MLUsecase.CLASSIFICATION, display=None)
2021-08-01 07:50:27,062:INFO:Checking exceptions
2021-08-01 07:50:27,062:INFO:Preloading libraries
2021-08-01 07:50:30,223:INFO:Initializing load_model()
2021-08-01 07:50:30,223:INFO:load_model(model_name=autism-Toddler2021-7-28, platform=None, authentication=None, verbose=True)
2021-08-01 07:50:30,252:INFO:Initializing predict_model()
2021-08-01 07:50:30,253:INFO:predict_model(estimator=Pipeline(steps=[('dtypes',
                 DataTypes_Auto_infer(ml_usecase='classification',
                                      target='Class/ASD')),
                ('imputer',
                 Simple_Imputer(categorical_strategy='not_available',
                                fill_value_categorical=None,
                                fill_value_numerical=None,
                                numeric_strategy='mean',
                                target_variable=None)),
                ('new_levels1',
                 New_Catagorical_Levels_in_TestData(replacement_strategy='least '
                                                                         'frequent',
                                                    t...
                ('binn', 'passthrough'), ('rem_outliers', 'passthrough'),
                ('cluster_all', 'passthrough'),
                ('dummy', Dummify(target='Class/ASD')),
                ('fix_perfect', 'passthrough'),
                ('clean_names', Clean_Colum_Names()),
                ('feature_select', 'passthrough'), ('fix_multi', 'passthrough'),
                ('dfs', 'passthrough'), ('pca', 'passthrough'),
                ['trained_model', DecisionTreeClassifier(random_state=6769)]]), probability_threshold=None, encoded_labels=False, raw_score=False, round=4, verbose=True, ml_usecase=MLUsecase.CLASSIFICATION, display=None)
2021-08-01 07:50:30,254:INFO:Checking exceptions
2021-08-01 07:50:30,254:INFO:Preloading libraries
2021-08-01 07:50:30,691:INFO:Initializing load_model()
2021-08-01 07:50:30,692:INFO:load_model(model_name=autism-Toddler2021-7-28, platform=None, authentication=None, verbose=True)
2021-08-01 07:50:30,719:INFO:Initializing predict_model()
2021-08-01 07:50:30,720:INFO:predict_model(estimator=Pipeline(steps=[('dtypes',
                 DataTypes_Auto_infer(ml_usecase='classification',
                                      target='Class/ASD')),
                ('imputer',
                 Simple_Imputer(categorical_strategy='not_available',
                                fill_value_categorical=None,
                                fill_value_numerical=None,
                                numeric_strategy='mean',
                                target_variable=None)),
                ('new_levels1',
                 New_Catagorical_Levels_in_TestData(replacement_strategy='least '
                                                                         'frequent',
                                                    t...
                ('binn', 'passthrough'), ('rem_outliers', 'passthrough'),
                ('cluster_all', 'passthrough'),
                ('dummy', Dummify(target='Class/ASD')),
                ('fix_perfect', 'passthrough'),
                ('clean_names', Clean_Colum_Names()),
                ('feature_select', 'passthrough'), ('fix_multi', 'passthrough'),
                ('dfs', 'passthrough'), ('pca', 'passthrough'),
                ['trained_model', DecisionTreeClassifier(random_state=6769)]]), probability_threshold=None, encoded_labels=False, raw_score=False, round=4, verbose=True, ml_usecase=MLUsecase.CLASSIFICATION, display=None)
2021-08-01 07:50:30,721:INFO:Checking exceptions
2021-08-01 07:50:30,722:INFO:Preloading libraries
2021-08-01 07:50:30,964:INFO:Initializing predict_model()
2021-08-01 07:50:30,964:INFO:predict_model(estimator=Pipeline(steps=[('dtypes',
                 DataTypes_Auto_infer(ml_usecase='classification',
                                      target='Class/ASD')),
                ('imputer',
                 Simple_Imputer(categorical_strategy='not_available',
                                fill_value_categorical=None,
                                fill_value_numerical=None,
                                numeric_strategy='mean',
                                target_variable=None)),
                ('new_levels1',
                 New_Catagorical_Levels_in_TestData(replacement_strategy='least '
                                                                         'frequent',
                                                    t...
                ('binn', 'passthrough'), ('rem_outliers', 'passthrough'),
                ('cluster_all', 'passthrough'),
                ('dummy', Dummify(target='Class/ASD')),
                ('fix_perfect', 'passthrough'),
                ('clean_names', Clean_Colum_Names()),
                ('feature_select', 'passthrough'), ('fix_multi', 'passthrough'),
                ('dfs', 'passthrough'), ('pca', 'passthrough'),
                ['trained_model', DecisionTreeClassifier(random_state=6769)]]), probability_threshold=None, encoded_labels=False, raw_score=False, round=4, verbose=True, ml_usecase=MLUsecase.CLASSIFICATION, display=None)
2021-08-01 07:50:30,965:INFO:Checking exceptions
2021-08-01 07:50:30,965:INFO:Preloading libraries
2021-08-01 07:50:34,077:INFO:Initializing load_model()
2021-08-01 07:50:34,077:INFO:load_model(model_name=autism-Child-2021-7-28, platform=None, authentication=None, verbose=True)
2021-08-01 07:50:34,109:INFO:Initializing predict_model()
2021-08-01 07:50:34,110:INFO:predict_model(estimator=Pipeline(steps=[('dtypes',
                 DataTypes_Auto_infer(ml_usecase='classification',
                                      target='Class/ASD')),
                ('imputer',
                 Simple_Imputer(categorical_strategy='not_available',
                                fill_value_categorical=None,
                                fill_value_numerical=None,
                                numeric_strategy='mean',
                                target_variable=None)),
                ('new_levels1',
                 New_Catagorical_Levels_in_TestData(replacement_strategy='least '
                                                                         'frequent',
                                                    t...
                ('binn', 'passthrough'), ('rem_outliers', 'passthrough'),
                ('cluster_all', 'passthrough'),
                ('dummy', Dummify(target='Class/ASD')),
                ('fix_perfect', 'passthrough'),
                ('clean_names', Clean_Colum_Names()),
                ('feature_select', 'passthrough'), ('fix_multi', 'passthrough'),
                ('dfs', 'passthrough'), ('pca', 'passthrough'),
                ['trained_model', DecisionTreeClassifier(random_state=215)]]), probability_threshold=None, encoded_labels=False, raw_score=False, round=4, verbose=True, ml_usecase=MLUsecase.CLASSIFICATION, display=None)
2021-08-01 07:50:34,110:INFO:Checking exceptions
2021-08-01 07:50:34,111:INFO:Preloading libraries
2021-08-01 07:50:34,557:INFO:Initializing load_model()
2021-08-01 07:50:34,557:INFO:load_model(model_name=autism-Toddler2021-7-28, platform=None, authentication=None, verbose=True)
2021-08-01 07:50:34,586:INFO:Initializing predict_model()
2021-08-01 07:50:34,586:INFO:predict_model(estimator=Pipeline(steps=[('dtypes',
                 DataTypes_Auto_infer(ml_usecase='classification',
                                      target='Class/ASD')),
                ('imputer',
                 Simple_Imputer(categorical_strategy='not_available',
                                fill_value_categorical=None,
                                fill_value_numerical=None,
                                numeric_strategy='mean',
                                target_variable=None)),
                ('new_levels1',
                 New_Catagorical_Levels_in_TestData(replacement_strategy='least '
                                                                         'frequent',
                                                    t...
                ('binn', 'passthrough'), ('rem_outliers', 'passthrough'),
                ('cluster_all', 'passthrough'),
                ('dummy', Dummify(target='Class/ASD')),
                ('fix_perfect', 'passthrough'),
                ('clean_names', Clean_Colum_Names()),
                ('feature_select', 'passthrough'), ('fix_multi', 'passthrough'),
                ('dfs', 'passthrough'), ('pca', 'passthrough'),
                ['trained_model', DecisionTreeClassifier(random_state=6769)]]), probability_threshold=None, encoded_labels=False, raw_score=False, round=4, verbose=True, ml_usecase=MLUsecase.CLASSIFICATION, display=None)
2021-08-01 07:50:34,587:INFO:Checking exceptions
2021-08-01 07:50:34,587:INFO:Preloading libraries
2021-08-01 07:50:38,898:INFO:Initializing load_model()
2021-08-01 07:50:38,898:INFO:load_model(model_name=autism-Toddler2021-7-28, platform=None, authentication=None, verbose=True)
2021-08-01 07:50:38,938:INFO:Initializing predict_model()
2021-08-01 07:50:38,939:INFO:predict_model(estimator=Pipeline(steps=[('dtypes',
                 DataTypes_Auto_infer(ml_usecase='classification',
                                      target='Class/ASD')),
                ('imputer',
                 Simple_Imputer(categorical_strategy='not_available',
                                fill_value_categorical=None,
                                fill_value_numerical=None,
                                numeric_strategy='mean',
                                target_variable=None)),
                ('new_levels1',
                 New_Catagorical_Levels_in_TestData(replacement_strategy='least '
                                                                         'frequent',
                                                    t...
                ('binn', 'passthrough'), ('rem_outliers', 'passthrough'),
                ('cluster_all', 'passthrough'),
                ('dummy', Dummify(target='Class/ASD')),
                ('fix_perfect', 'passthrough'),
                ('clean_names', Clean_Colum_Names()),
                ('feature_select', 'passthrough'), ('fix_multi', 'passthrough'),
                ('dfs', 'passthrough'), ('pca', 'passthrough'),
                ['trained_model', DecisionTreeClassifier(random_state=6769)]]), probability_threshold=None, encoded_labels=False, raw_score=False, round=4, verbose=True, ml_usecase=MLUsecase.CLASSIFICATION, display=None)
2021-08-01 07:50:38,940:INFO:Checking exceptions
2021-08-01 07:50:38,941:INFO:Preloading libraries
2021-08-01 07:50:42,792:INFO:Initializing load_model()
2021-08-01 07:50:42,792:INFO:load_model(model_name=autism-Toddler2021-7-28, platform=None, authentication=None, verbose=True)
2021-08-01 07:50:42,841:INFO:Initializing predict_model()
2021-08-01 07:50:42,842:INFO:predict_model(estimator=Pipeline(steps=[('dtypes',
                 DataTypes_Auto_infer(ml_usecase='classification',
                                      target='Class/ASD')),
                ('imputer',
                 Simple_Imputer(categorical_strategy='not_available',
                                fill_value_categorical=None,
                                fill_value_numerical=None,
                                numeric_strategy='mean',
                                target_variable=None)),
                ('new_levels1',
                 New_Catagorical_Levels_in_TestData(replacement_strategy='least '
                                                                         'frequent',
                                                    t...
                ('binn', 'passthrough'), ('rem_outliers', 'passthrough'),
                ('cluster_all', 'passthrough'),
                ('dummy', Dummify(target='Class/ASD')),
                ('fix_perfect', 'passthrough'),
                ('clean_names', Clean_Colum_Names()),
                ('feature_select', 'passthrough'), ('fix_multi', 'passthrough'),
                ('dfs', 'passthrough'), ('pca', 'passthrough'),
                ['trained_model', DecisionTreeClassifier(random_state=6769)]]), probability_threshold=None, encoded_labels=False, raw_score=False, round=4, verbose=True, ml_usecase=MLUsecase.CLASSIFICATION, display=None)
2021-08-01 07:50:42,843:INFO:Checking exceptions
2021-08-01 07:50:42,844:INFO:Preloading libraries
2021-08-01 07:53:00,520:INFO:Initializing load_model()
2021-08-01 07:53:00,522:INFO:load_model(model_name=autism-Toddler2021-7-28, platform=None, authentication=None, verbose=True)
2021-08-01 07:53:00,556:INFO:Initializing predict_model()
2021-08-01 07:53:00,559:INFO:predict_model(estimator=Pipeline(steps=[('dtypes',
                 DataTypes_Auto_infer(ml_usecase='classification',
                                      target='Class/ASD')),
                ('imputer',
                 Simple_Imputer(categorical_strategy='not_available',
                                fill_value_categorical=None,
                                fill_value_numerical=None,
                                numeric_strategy='mean',
                                target_variable=None)),
                ('new_levels1',
                 New_Catagorical_Levels_in_TestData(replacement_strategy='least '
                                                                         'frequent',
                                                    t...
                ('binn', 'passthrough'), ('rem_outliers', 'passthrough'),
                ('cluster_all', 'passthrough'),
                ('dummy', Dummify(target='Class/ASD')),
                ('fix_perfect', 'passthrough'),
                ('clean_names', Clean_Colum_Names()),
                ('feature_select', 'passthrough'), ('fix_multi', 'passthrough'),
                ('dfs', 'passthrough'), ('pca', 'passthrough'),
                ['trained_model', DecisionTreeClassifier(random_state=6769)]]), probability_threshold=None, encoded_labels=False, raw_score=False, round=4, verbose=True, ml_usecase=MLUsecase.CLASSIFICATION, display=None)
2021-08-01 07:53:00,563:INFO:Checking exceptions
2021-08-01 07:53:00,570:INFO:Preloading libraries
2021-08-01 07:53:02,513:INFO:Initializing load_model()
2021-08-01 07:53:02,514:INFO:load_model(model_name=autism-Toddler2021-7-28, platform=None, authentication=None, verbose=True)
2021-08-01 07:53:02,582:INFO:Initializing predict_model()
2021-08-01 07:53:02,588:INFO:predict_model(estimator=Pipeline(steps=[('dtypes',
                 DataTypes_Auto_infer(ml_usecase='classification',
                                      target='Class/ASD')),
                ('imputer',
                 Simple_Imputer(categorical_strategy='not_available',
                                fill_value_categorical=None,
                                fill_value_numerical=None,
                                numeric_strategy='mean',
                                target_variable=None)),
                ('new_levels1',
                 New_Catagorical_Levels_in_TestData(replacement_strategy='least '
                                                                         'frequent',
                                                    t...
                ('binn', 'passthrough'), ('rem_outliers', 'passthrough'),
                ('cluster_all', 'passthrough'),
                ('dummy', Dummify(target='Class/ASD')),
                ('fix_perfect', 'passthrough'),
                ('clean_names', Clean_Colum_Names()),
                ('feature_select', 'passthrough'), ('fix_multi', 'passthrough'),
                ('dfs', 'passthrough'), ('pca', 'passthrough'),
                ['trained_model', DecisionTreeClassifier(random_state=6769)]]), probability_threshold=None, encoded_labels=False, raw_score=False, round=4, verbose=True, ml_usecase=MLUsecase.CLASSIFICATION, display=None)
2021-08-01 07:53:02,590:INFO:Checking exceptions
2021-08-01 07:53:02,593:INFO:Preloading libraries
2021-08-01 07:53:08,460:INFO:Initializing load_model()
2021-08-01 07:53:08,463:INFO:load_model(model_name=autism-Toddler2021-7-28, platform=None, authentication=None, verbose=True)
2021-08-01 07:53:08,497:INFO:Initializing predict_model()
2021-08-01 07:53:08,497:INFO:predict_model(estimator=Pipeline(steps=[('dtypes',
                 DataTypes_Auto_infer(ml_usecase='classification',
                                      target='Class/ASD')),
                ('imputer',
                 Simple_Imputer(categorical_strategy='not_available',
                                fill_value_categorical=None,
                                fill_value_numerical=None,
                                numeric_strategy='mean',
                                target_variable=None)),
                ('new_levels1',
                 New_Catagorical_Levels_in_TestData(replacement_strategy='least '
                                                                         'frequent',
                                                    t...
                ('binn', 'passthrough'), ('rem_outliers', 'passthrough'),
                ('cluster_all', 'passthrough'),
                ('dummy', Dummify(target='Class/ASD')),
                ('fix_perfect', 'passthrough'),
                ('clean_names', Clean_Colum_Names()),
                ('feature_select', 'passthrough'), ('fix_multi', 'passthrough'),
                ('dfs', 'passthrough'), ('pca', 'passthrough'),
                ['trained_model', DecisionTreeClassifier(random_state=6769)]]), probability_threshold=None, encoded_labels=False, raw_score=False, round=4, verbose=True, ml_usecase=MLUsecase.CLASSIFICATION, display=None)
2021-08-01 07:53:08,499:INFO:Checking exceptions
2021-08-01 07:53:08,502:INFO:Preloading libraries
2021-08-01 07:53:13,237:INFO:Initializing load_model()
2021-08-01 07:53:13,237:INFO:load_model(model_name=autism-Toddler2021-7-28, platform=None, authentication=None, verbose=True)
2021-08-01 07:53:13,269:INFO:Initializing predict_model()
2021-08-01 07:53:13,270:INFO:predict_model(estimator=Pipeline(steps=[('dtypes',
                 DataTypes_Auto_infer(ml_usecase='classification',
                                      target='Class/ASD')),
                ('imputer',
                 Simple_Imputer(categorical_strategy='not_available',
                                fill_value_categorical=None,
                                fill_value_numerical=None,
                                numeric_strategy='mean',
                                target_variable=None)),
                ('new_levels1',
                 New_Catagorical_Levels_in_TestData(replacement_strategy='least '
                                                                         'frequent',
                                                    t...
                ('binn', 'passthrough'), ('rem_outliers', 'passthrough'),
                ('cluster_all', 'passthrough'),
                ('dummy', Dummify(target='Class/ASD')),
                ('fix_perfect', 'passthrough'),
                ('clean_names', Clean_Colum_Names()),
                ('feature_select', 'passthrough'), ('fix_multi', 'passthrough'),
                ('dfs', 'passthrough'), ('pca', 'passthrough'),
                ['trained_model', DecisionTreeClassifier(random_state=6769)]]), probability_threshold=None, encoded_labels=False, raw_score=False, round=4, verbose=True, ml_usecase=MLUsecase.CLASSIFICATION, display=None)
2021-08-01 07:53:13,271:INFO:Checking exceptions
2021-08-01 07:53:13,272:INFO:Preloading libraries
2021-08-01 07:53:13,605:INFO:Initializing predict_model()
2021-08-01 07:53:13,605:INFO:predict_model(estimator=Pipeline(steps=[('dtypes',
                 DataTypes_Auto_infer(ml_usecase='classification',
                                      target='Class/ASD')),
                ('imputer',
                 Simple_Imputer(categorical_strategy='not_available',
                                fill_value_categorical=None,
                                fill_value_numerical=None,
                                numeric_strategy='mean',
                                target_variable=None)),
                ('new_levels1',
                 New_Catagorical_Levels_in_TestData(replacement_strategy='least '
                                                                         'frequent',
                                                    t...
                ('binn', 'passthrough'), ('rem_outliers', 'passthrough'),
                ('cluster_all', 'passthrough'),
                ('dummy', Dummify(target='Class/ASD')),
                ('fix_perfect', 'passthrough'),
                ('clean_names', Clean_Colum_Names()),
                ('feature_select', 'passthrough'), ('fix_multi', 'passthrough'),
                ('dfs', 'passthrough'), ('pca', 'passthrough'),
                ['trained_model', DecisionTreeClassifier(random_state=6769)]]), probability_threshold=None, encoded_labels=False, raw_score=False, round=4, verbose=True, ml_usecase=MLUsecase.CLASSIFICATION, display=None)
2021-08-01 07:53:13,607:INFO:Checking exceptions
2021-08-01 07:53:13,608:INFO:Preloading libraries
2021-08-01 07:53:16,429:INFO:Initializing load_model()
2021-08-01 07:53:16,429:INFO:load_model(model_name=autism-Toddler2021-7-28, platform=None, authentication=None, verbose=True)
2021-08-01 07:53:16,461:INFO:Initializing predict_model()
2021-08-01 07:53:16,462:INFO:predict_model(estimator=Pipeline(steps=[('dtypes',
                 DataTypes_Auto_infer(ml_usecase='classification',
                                      target='Class/ASD')),
                ('imputer',
                 Simple_Imputer(categorical_strategy='not_available',
                                fill_value_categorical=None,
                                fill_value_numerical=None,
                                numeric_strategy='mean',
                                target_variable=None)),
                ('new_levels1',
                 New_Catagorical_Levels_in_TestData(replacement_strategy='least '
                                                                         'frequent',
                                                    t...
                ('binn', 'passthrough'), ('rem_outliers', 'passthrough'),
                ('cluster_all', 'passthrough'),
                ('dummy', Dummify(target='Class/ASD')),
                ('fix_perfect', 'passthrough'),
                ('clean_names', Clean_Colum_Names()),
                ('feature_select', 'passthrough'), ('fix_multi', 'passthrough'),
                ('dfs', 'passthrough'), ('pca', 'passthrough'),
                ['trained_model', DecisionTreeClassifier(random_state=6769)]]), probability_threshold=None, encoded_labels=False, raw_score=False, round=4, verbose=True, ml_usecase=MLUsecase.CLASSIFICATION, display=None)
2021-08-01 07:53:16,463:INFO:Checking exceptions
2021-08-01 07:53:16,464:INFO:Preloading libraries
2021-08-01 07:53:16,799:INFO:Initializing predict_model()
2021-08-01 07:53:16,800:INFO:predict_model(estimator=Pipeline(steps=[('dtypes',
                 DataTypes_Auto_infer(ml_usecase='classification',
                                      target='Class/ASD')),
                ('imputer',
                 Simple_Imputer(categorical_strategy='not_available',
                                fill_value_categorical=None,
                                fill_value_numerical=None,
                                numeric_strategy='mean',
                                target_variable=None)),
                ('new_levels1',
                 New_Catagorical_Levels_in_TestData(replacement_strategy='least '
                                                                         'frequent',
                                                    t...
                ('binn', 'passthrough'), ('rem_outliers', 'passthrough'),
                ('cluster_all', 'passthrough'),
                ('dummy', Dummify(target='Class/ASD')),
                ('fix_perfect', 'passthrough'),
                ('clean_names', Clean_Colum_Names()),
                ('feature_select', 'passthrough'), ('fix_multi', 'passthrough'),
                ('dfs', 'passthrough'), ('pca', 'passthrough'),
                ['trained_model', DecisionTreeClassifier(random_state=6769)]]), probability_threshold=None, encoded_labels=False, raw_score=False, round=4, verbose=True, ml_usecase=MLUsecase.CLASSIFICATION, display=None)
2021-08-01 07:53:16,801:INFO:Checking exceptions
2021-08-01 07:53:16,801:INFO:Preloading libraries
2021-08-01 07:55:23,048:INFO:Initializing load_model()
2021-08-01 07:55:23,050:INFO:load_model(model_name=autism-Toddler2021-7-28, platform=None, authentication=None, verbose=True)
2021-08-01 07:55:23,108:INFO:Initializing predict_model()
2021-08-01 07:55:23,109:INFO:predict_model(estimator=Pipeline(steps=[('dtypes',
                 DataTypes_Auto_infer(ml_usecase='classification',
                                      target='Class/ASD')),
                ('imputer',
                 Simple_Imputer(categorical_strategy='not_available',
                                fill_value_categorical=None,
                                fill_value_numerical=None,
                                numeric_strategy='mean',
                                target_variable=None)),
                ('new_levels1',
                 New_Catagorical_Levels_in_TestData(replacement_strategy='least '
                                                                         'frequent',
                                                    t...
                ('binn', 'passthrough'), ('rem_outliers', 'passthrough'),
                ('cluster_all', 'passthrough'),
                ('dummy', Dummify(target='Class/ASD')),
                ('fix_perfect', 'passthrough'),
                ('clean_names', Clean_Colum_Names()),
                ('feature_select', 'passthrough'), ('fix_multi', 'passthrough'),
                ('dfs', 'passthrough'), ('pca', 'passthrough'),
                ['trained_model', DecisionTreeClassifier(random_state=6769)]]), probability_threshold=None, encoded_labels=False, raw_score=False, round=4, verbose=True, ml_usecase=MLUsecase.CLASSIFICATION, display=None)
2021-08-01 07:55:23,110:INFO:Checking exceptions
2021-08-01 07:55:23,112:INFO:Preloading libraries
2021-08-01 07:55:26,740:INFO:Initializing load_model()
2021-08-01 07:55:26,740:INFO:load_model(model_name=autism-Toddler2021-7-28, platform=None, authentication=None, verbose=True)
2021-08-01 07:55:26,771:INFO:Initializing predict_model()
2021-08-01 07:55:26,772:INFO:predict_model(estimator=Pipeline(steps=[('dtypes',
                 DataTypes_Auto_infer(ml_usecase='classification',
                                      target='Class/ASD')),
                ('imputer',
                 Simple_Imputer(categorical_strategy='not_available',
                                fill_value_categorical=None,
                                fill_value_numerical=None,
                                numeric_strategy='mean',
                                target_variable=None)),
                ('new_levels1',
                 New_Catagorical_Levels_in_TestData(replacement_strategy='least '
                                                                         'frequent',
                                                    t...
                ('binn', 'passthrough'), ('rem_outliers', 'passthrough'),
                ('cluster_all', 'passthrough'),
                ('dummy', Dummify(target='Class/ASD')),
                ('fix_perfect', 'passthrough'),
                ('clean_names', Clean_Colum_Names()),
                ('feature_select', 'passthrough'), ('fix_multi', 'passthrough'),
                ('dfs', 'passthrough'), ('pca', 'passthrough'),
                ['trained_model', DecisionTreeClassifier(random_state=6769)]]), probability_threshold=None, encoded_labels=False, raw_score=False, round=4, verbose=True, ml_usecase=MLUsecase.CLASSIFICATION, display=None)
2021-08-01 07:55:26,774:INFO:Checking exceptions
2021-08-01 07:55:26,775:INFO:Preloading libraries
2021-08-01 07:55:27,102:INFO:Initializing predict_model()
2021-08-01 07:55:27,103:INFO:predict_model(estimator=Pipeline(steps=[('dtypes',
                 DataTypes_Auto_infer(ml_usecase='classification',
                                      target='Class/ASD')),
                ('imputer',
                 Simple_Imputer(categorical_strategy='not_available',
                                fill_value_categorical=None,
                                fill_value_numerical=None,
                                numeric_strategy='mean',
                                target_variable=None)),
                ('new_levels1',
                 New_Catagorical_Levels_in_TestData(replacement_strategy='least '
                                                                         'frequent',
                                                    t...
                ('binn', 'passthrough'), ('rem_outliers', 'passthrough'),
                ('cluster_all', 'passthrough'),
                ('dummy', Dummify(target='Class/ASD')),
                ('fix_perfect', 'passthrough'),
                ('clean_names', Clean_Colum_Names()),
                ('feature_select', 'passthrough'), ('fix_multi', 'passthrough'),
                ('dfs', 'passthrough'), ('pca', 'passthrough'),
                ['trained_model', DecisionTreeClassifier(random_state=6769)]]), probability_threshold=None, encoded_labels=False, raw_score=False, round=4, verbose=True, ml_usecase=MLUsecase.CLASSIFICATION, display=None)
2021-08-01 07:55:27,104:INFO:Checking exceptions
2021-08-01 07:55:27,108:INFO:Preloading libraries
2021-08-01 07:55:38,005:INFO:Initializing load_model()
2021-08-01 07:55:38,006:INFO:load_model(model_name=autism-Toddler2021-7-28, platform=None, authentication=None, verbose=True)
2021-08-01 07:55:38,040:INFO:Initializing predict_model()
2021-08-01 07:55:38,041:INFO:predict_model(estimator=Pipeline(steps=[('dtypes',
                 DataTypes_Auto_infer(ml_usecase='classification',
                                      target='Class/ASD')),
                ('imputer',
                 Simple_Imputer(categorical_strategy='not_available',
                                fill_value_categorical=None,
                                fill_value_numerical=None,
                                numeric_strategy='mean',
                                target_variable=None)),
                ('new_levels1',
                 New_Catagorical_Levels_in_TestData(replacement_strategy='least '
                                                                         'frequent',
                                                    t...
                ('binn', 'passthrough'), ('rem_outliers', 'passthrough'),
                ('cluster_all', 'passthrough'),
                ('dummy', Dummify(target='Class/ASD')),
                ('fix_perfect', 'passthrough'),
                ('clean_names', Clean_Colum_Names()),
                ('feature_select', 'passthrough'), ('fix_multi', 'passthrough'),
                ('dfs', 'passthrough'), ('pca', 'passthrough'),
                ['trained_model', DecisionTreeClassifier(random_state=6769)]]), probability_threshold=None, encoded_labels=False, raw_score=False, round=4, verbose=True, ml_usecase=MLUsecase.CLASSIFICATION, display=None)
2021-08-01 07:55:38,044:INFO:Checking exceptions
2021-08-01 07:55:38,045:INFO:Preloading libraries
2021-08-01 07:55:38,358:INFO:Initializing predict_model()
2021-08-01 07:55:38,358:INFO:predict_model(estimator=Pipeline(steps=[('dtypes',
                 DataTypes_Auto_infer(ml_usecase='classification',
                                      target='Class/ASD')),
                ('imputer',
                 Simple_Imputer(categorical_strategy='not_available',
                                fill_value_categorical=None,
                                fill_value_numerical=None,
                                numeric_strategy='mean',
                                target_variable=None)),
                ('new_levels1',
                 New_Catagorical_Levels_in_TestData(replacement_strategy='least '
                                                                         'frequent',
                                                    t...
                ('binn', 'passthrough'), ('rem_outliers', 'passthrough'),
                ('cluster_all', 'passthrough'),
                ('dummy', Dummify(target='Class/ASD')),
                ('fix_perfect', 'passthrough'),
                ('clean_names', Clean_Colum_Names()),
                ('feature_select', 'passthrough'), ('fix_multi', 'passthrough'),
                ('dfs', 'passthrough'), ('pca', 'passthrough'),
                ['trained_model', DecisionTreeClassifier(random_state=6769)]]), probability_threshold=None, encoded_labels=False, raw_score=False, round=4, verbose=True, ml_usecase=MLUsecase.CLASSIFICATION, display=None)
2021-08-01 07:55:38,359:INFO:Checking exceptions
2021-08-01 07:55:38,359:INFO:Preloading libraries
